table_id,row_id,occupation_full_path,occupation_level_1,occupation_level_2,occupation_level_3,occupation_level_4,occupation_hierarchy_depth,field_number,field_se
8220,r001,All occupations,All occupations,,,,1,27150,750
8220,r002,All occupations -> Science occupations,All occupations,Science occupations,,,2,23250,700
8220,r003,"All occupations -> Science occupations -> Biological, agricultural, and other life scientists",All occupations,Science occupations,"Biological, agricultural, and other life scientists",,3,16250,600
8220,r004,"All occupations -> Science occupations -> Biological, agricultural, and other life scientists -> Agricultural, food scientists",All occupations,Science occupations,"Biological, agricultural, and other life scientists","Agricultural, food scientists",4,800,150
8220,r005,"All occupations -> Science occupations -> Biological, agricultural, and other life scientists -> Biochemists, biophysicists",All occupations,Science occupations,"Biological, agricultural, and other life scientists","Biochemists, biophysicists",4,4050,350
8220,r006,"All occupations -> Science occupations -> Biological, agricultural, and other life scientists -> Biological scientists",All occupations,Science occupations,"Biological, agricultural, and other life scientists",Biological scientists,4,4200,325
8220,r007,"All occupations -> Science occupations -> Biological, agricultural, and other life scientists -> Forestry, conservation scientists",All occupations,Science occupations,"Biological, agricultural, and other life scientists","Forestry, conservation scientists",4,150,50
8220,r008,"All occupations -> Science occupations -> Biological, agricultural, and other life scientists -> Medical scientists",All occupations,Science occupations,"Biological, agricultural, and other life scientists",Medical scientists,4,4050,325
8220,r009,"All occupations -> Science occupations -> Biological, agricultural, and other life scientists -> Postsecondary teachers, agricultural, other natural sciences",All occupations,Science occupations,"Biological, agricultural, and other life scientists","Postsecondary teachers, agricultural, other natural sciences",4,,
8220,r010,"All occupations -> Science occupations -> Biological, agricultural, and other life scientists -> Postsecondary teachers, biological sciences",All occupations,Science occupations,"Biological, agricultural, and other life scientists","Postsecondary teachers, biological sciences",4,250,75
8220,r011,"All occupations -> Science occupations -> Biological, agricultural, and other life scientists -> Other biological, agricultural, life scientists",All occupations,Science occupations,"Biological, agricultural, and other life scientists","Other biological, agricultural, life scientists",4,2750,250
8220,r012,All occupations -> Science occupations -> Computer and information scientists,All occupations,Science occupations,Computer and information scientists,,3,450,100
8220,r013,All occupations -> Science occupations -> Computer and information scientists -> Computer and information scientists,All occupations,Science occupations,Computer and information scientists,Computer and information scientists,4,400,100
8220,r014,"All occupations -> Science occupations -> Computer and information scientists -> Postsecondary teachers, computer science",All occupations,Science occupations,Computer and information scientists,"Postsecondary teachers, computer science",4,,
8220,r015,All occupations -> Science occupations -> Mathematical scientists,All occupations,Science occupations,Mathematical scientists,,3,1000,175
8220,r016,All occupations -> Science occupations -> Mathematical scientists -> Mathematical scientists,All occupations,Science occupations,Mathematical scientists,Mathematical scientists,4,750,150
8220,r017,"All occupations -> Science occupations -> Mathematical scientists -> Postsecondary teachers, mathematics, statistics",All occupations,Science occupations,Mathematical scientists,"Postsecondary teachers, mathematics, statistics",4,250,75
8220,r018,All occupations -> Science occupations -> Physical scientists,All occupations,Science occupations,Physical scientists,,3,3850,300
8220,r019,"All occupations -> Science occupations -> Physical scientists -> Chemists, except biochemists",All occupations,Science occupations,Physical scientists,"Chemists, except biochemists",4,1050,175
8220,r020,"All occupations -> Science occupations -> Physical scientists -> Earth, atmospheric, ocean scientists",All occupations,Science occupations,Physical scientists,"Earth, atmospheric, ocean scientists",4,800,125
8220,r021,"All occupations -> Science occupations -> Physical scientists -> Physicists, astronomers",All occupations,Science occupations,Physical scientists,"Physicists, astronomers",4,1800,225
8220,r022,"All occupations -> Science occupations -> Physical scientists -> Postsecondary teachers, chemistry",All occupations,Science occupations,Physical scientists,"Postsecondary teachers, chemistry",4,,
8220,r023,"All occupations -> Science occupations -> Physical scientists -> Postsecondary teachers, physics",All occupations,Science occupations,Physical scientists,"Postsecondary teachers, physics",4,,
8220,r024,"All occupations -> Science occupations -> Physical scientists -> Postsecondary teachers, other physical science",All occupations,Science occupations,Physical scientists,"Postsecondary teachers, other physical science",4,,
8220,r025,All occupations -> Science occupations -> Physical scientists -> Other physical scientists,All occupations,Science occupations,Physical scientists,Other physical scientists,4,150,50
8220,r026,All occupations -> Science occupations -> Psychologists,All occupations,Science occupations,Psychologists,,3,700,150
8220,r027,All occupations -> Science occupations -> Psychologists -> Psychologists,All occupations,Science occupations,Psychologists,Psychologists,4,650,150
8220,r028,"All occupations -> Science occupations -> Psychologists -> Postsecondary teachers, psychology",All occupations,Science occupations,Psychologists,"Postsecondary teachers, psychology",4,,
8220,r029,All occupations -> Science occupations -> Social scientists,All occupations,Science occupations,Social scientists,,3,1000,125
8220,r030,All occupations -> Science occupations -> Social scientists -> Economists,All occupations,Science occupations,Social scientists,Economists,4,100,50
8220,r031,All occupations -> Science occupations -> Social scientists -> Political scientists,All occupations,Science occupations,Social scientists,Political scientists,4,100,75
8220,r032,"All occupations -> Science occupations -> Social scientists -> Postsecondary teachers, economics",All occupations,Science occupations,Social scientists,"Postsecondary teachers, economics",4,,
8220,r033,"All occupations -> Science occupations -> Social scientists -> Postsecondary teachers, political science",All occupations,Science occupations,Social scientists,"Postsecondary teachers, political science",4,,
8220,r034,"All occupations -> Science occupations -> Social scientists -> Postsecondary teachers, sociology",All occupations,Science occupations,Social scientists,"Postsecondary teachers, sociology",4,,
8220,r035,"All occupations -> Science occupations -> Social scientists -> Postsecondary teachers, other social sciences",All occupations,Science occupations,Social scientists,"Postsecondary teachers, other social sciences",4,50,25
8220,r036,"All occupations -> Science occupations -> Social scientists -> Sociologists, anthropologists",All occupations,Science occupations,Social scientists,"Sociologists, anthropologists",4,150,50
8220,r037,All occupations -> Science occupations -> Social scientists -> Other social scientists,All occupations,Science occupations,Social scientists,Other social scientists,4,350,75
8220,r038,All occupations -> Engineering occupations,All occupations,Engineering occupations,,,2,2400,250
8220,r039,"All occupations -> Engineering occupations -> Aerospace, aeronautical, astronautical engineers",All occupations,Engineering occupations,"Aerospace, aeronautical, astronautical engineers",,3,100,50
8220,r040,All occupations -> Engineering occupations -> Chemical engineers,All occupations,Engineering occupations,Chemical engineers,,3,250,100
8220,r041,"All occupations -> Engineering occupations -> Civil, architectural, sanitary engineers",All occupations,Engineering occupations,"Civil, architectural, sanitary engineers",,3,100,50
8220,r042,All occupations -> Engineering occupations -> Electrical engineers,All occupations,Engineering occupations,Electrical engineers,,3,200,75
8220,r043,All occupations -> Engineering occupations -> Industrial engineers,All occupations,Engineering occupations,Industrial engineers,,3,,
8220,r044,All occupations -> Engineering occupations -> Mechanical engineers,All occupations,Engineering occupations,Mechanical engineers,,3,450,125
8220,r045,"All occupations -> Engineering occupations -> Postsecondary teachers, engineering",All occupations,Engineering occupations,"Postsecondary teachers, engineering",,3,,
8220,r046,All occupations -> Engineering occupations -> Other engineers,All occupations,Engineering occupations,Other engineers,,3,1200,200
8220,r047,All occupations -> S&E-related occupations,All occupations,S&E-related occupations,,,2,1250,175
8220,r048,"All occupations -> S&E-related occupations -> Health occupations, except postsecondary teachers and managers",All occupations,S&E-related occupations,"Health occupations, except postsecondary teachers and managers",,3,600,150
8220,r049,"All occupations -> S&E-related occupations -> Postsecondary teachers, health and related science",All occupations,S&E-related occupations,"Postsecondary teachers, health and related science",,3,100,50
8220,r050,"All occupations -> S&E-related occupations -> S&E managers, including health",All occupations,S&E-related occupations,"S&E managers, including health",,3,250,75
8220,r051,All occupations -> S&E-related occupations -> S&E precollege teachers,All occupations,S&E-related occupations,S&E precollege teachers,,3,,
8220,r052,All occupations -> S&E-related occupations -> S&E technicians/ technologists,All occupations,S&E-related occupations,S&E technicians/ technologists,,3,300,100
8220,r053,All occupations -> S&E-related occupations -> Other S&E-related occupations,All occupations,S&E-related occupations,Other S&E-related occupations,,3,,
8220,r054,All occupations -> Non-S&E occupations,All occupations,Non-S&E occupations,,,2,200,75
8220,r055,"All occupations -> Non-S&E occupations -> Arts, humanities-related occupations",All occupations,Non-S&E occupations,"Arts, humanities-related occupations",,3,,
8220,r056,All occupations -> Non-S&E occupations -> Management-related occupations,All occupations,Non-S&E occupations,Management-related occupations,,3,,
8220,r057,All occupations -> Non-S&E occupations -> Non-S&E managers,All occupations,Non-S&E occupations,Non-S&E managers,,3,,
8220,r058,All occupations -> Non-S&E occupations -> Non-S&E postsecondary teachers,All occupations,Non-S&E occupations,Non-S&E postsecondary teachers,,3,50,25
8220,r059,All occupations -> Non-S&E occupations -> Non-S&E precollege/ other teachers,All occupations,Non-S&E occupations,Non-S&E precollege/ other teachers,,3,,
8220,r060,"All occupations -> Non-S&E occupations -> Sales, marketing occupations",All occupations,Non-S&E occupations,"Sales, marketing occupations",,3,,
8220,r061,All occupations -> Non-S&E occupations -> Social service-related occupations,All occupations,Non-S&E occupations,Social service-related occupations,,3,,
8220,r062,All occupations -> Non-S&E occupations -> Other non-S&E occupations,All occupations,Non-S&E occupations,Other non-S&E occupations,,3,,
