table_id,row_id,state_or_location_and_institution_full_path,state_or_location_and_institution_level_1,state_or_location_and_institution_level_2,state_or_location_and_institution_level_3,state_or_location_and_institution_hierarchy_depth,field_all_fields,field_education_total,field_education_education_administration,field_education_education_research,field_education_teacher_education,field_education_teaching_fields,field_education_other_education,field_humanities_and_arts_total,field_humanities_and_arts_foreign_languages_and_literature,field_humanities_and_arts_history,field_humanities_and_arts_letters,field_humanities_and_arts_other_humanities_and_arts,field_othera_total,field_othera_business_management_and_administration,field_othera_communication,field_othera_non_s_e_fields_nec,field_othera_unknown_field
2804,r001,All institutions,All institutions,,,1,55703,4635,839,2303,104,960,429,5054,610,912,1387,2145,3034,1536,543,955,0
2804,r002,All institutions -> Alabama,All institutions,Alabama,,2,653,107,20,50,12,22,3,14,2,8,3,1,30,15,5,10,0
2804,r003,All institutions -> Alabama -> Alabama A&M U.,All institutions,Alabama,Alabama A&M U.,3,4,1,0,0,0,1,0,0,0,0,0,0,0,0,0,0,0
2804,r004,All institutions -> Alabama -> Alabama State U.,All institutions,Alabama,Alabama State U.,3,4,3,3,0,0,0,0,0,0,0,0,0,0,0,0,0,0
2804,r005,"All institutions -> Alabama -> Auburn U., Auburn",All institutions,Alabama,"Auburn U., Auburn",3,253,45,8,16,11,8,2,8,0,6,2,0,11,6,0,5,0
2804,r006,All institutions -> Alabama -> Tuskegee U.,All institutions,Alabama,Tuskegee U.,3,5,0,0,0,0,0,0,0,0,0,0,0,0,0,0,0,0
2804,r007,"All institutions -> Alabama -> U. Alabama, Birmingham",All institutions,Alabama,"U. Alabama, Birmingham",3,150,10,4,2,0,4,0,0,0,0,0,0,0,0,0,0,0
2804,r008,"All institutions -> Alabama -> U. Alabama, Huntsville",All institutions,Alabama,"U. Alabama, Huntsville",3,38,0,0,0,0,0,0,0,0,0,0,0,0,0,0,0,0
2804,r009,"All institutions -> Alabama -> U. Alabama, Tuscaloosa",All institutions,Alabama,"U. Alabama, Tuscaloosa",3,171,46,5,30,1,9,1,6,2,2,1,1,19,9,5,5,0
2804,r010,All institutions -> Alabama -> U. South Alabama,All institutions,Alabama,U. South Alabama,3,28,2,0,2,0,0,0,0,0,0,0,0,0,0,0,0,0
2804,r011,All institutions -> Alaska,All institutions,Alaska,,2,42,2,0,0,0,1,1,1,0,1,0,0,2,1,0,1,0
2804,r012,"All institutions -> Alaska -> U. Alaska, Anchorage",All institutions,Alaska,"U. Alaska, Anchorage",3,5,0,0,0,0,0,0,0,0,0,0,0,0,0,0,0,0
2804,r013,"All institutions -> Alaska -> U. Alaska, Fairbanks",All institutions,Alaska,"U. Alaska, Fairbanks",3,37,2,0,0,0,1,1,1,0,1,0,0,2,1,0,1,0
2804,r014,All institutions -> Arizona,All institutions,Arizona,,2,847,73,0,36,0,26,11,98,16,15,20,47,47,29,11,7,0
2804,r015,All institutions -> Arizona -> Arizona State U.,All institutions,Arizona,Arizona State U.,3,392,23,0,13,0,10,0,64,8,5,11,40,32,17,10,5,0
2804,r016,All institutions -> Arizona -> Northern Arizona U.,All institutions,Arizona,Northern Arizona U.,3,44,14,0,9,0,1,4,0,0,0,0,0,0,0,0,0,0
2804,r017,All institutions -> Arizona -> Prescott C.,All institutions,Arizona,Prescott C.,3,5,5,0,0,0,0,5,0,0,0,0,0,0,0,0,0,0
2804,r018,All institutions -> Arizona -> U. Arizona,All institutions,Arizona,U. Arizona,3,406,31,0,14,0,15,2,34,8,10,9,7,15,12,1,2,0
2804,r019,All institutions -> Arkansas,All institutions,Arkansas,,2,239,26,1,19,0,5,1,14,0,7,5,2,20,15,0,5,0
2804,r020,"All institutions -> Arkansas -> Arkansas State U., Jonesboro",All institutions,Arkansas,"Arkansas State U., Jonesboro",3,3,0,0,0,0,0,0,0,0,0,0,0,0,0,0,0,0
2804,r021,All institutions -> Arkansas -> U. Arkansas for Medical Sciences,All institutions,Arkansas,U. Arkansas for Medical Sciences,3,15,0,0,0,0,0,0,0,0,0,0,0,0,0,0,0,0
2804,r022,"All institutions -> Arkansas -> U. Arkansas, Fayetteville",All institutions,Arkansas,"U. Arkansas, Fayetteville",3,179,24,1,19,0,4,0,14,0,7,5,2,14,12,0,2,0
2804,r023,"All institutions -> Arkansas -> U. Arkansas, Little Rock",All institutions,Arkansas,"U. Arkansas, Little Rock",3,33,1,0,0,0,1,0,0,0,0,0,0,3,0,0,3,0
2804,r024,All institutions -> Arkansas -> U. Central Arkansas,All institutions,Arkansas,U. Central Arkansas,3,9,1,0,0,0,0,1,0,0,0,0,0,3,3,0,0,0
2804,r025,All institutions -> California,All institutions,California,,2,6342,259,34,111,1,34,79,646,77,108,135,326,196,94,44,58,0
2804,r026,"All institutions -> California -> Alliant International U., San Diego",All institutions,California,"Alliant International U., San Diego",3,87,0,0,0,0,0,0,0,0,0,0,0,2,2,0,0,0
2804,r027,All institutions -> California -> Azusa Pacific U.,All institutions,California,Azusa Pacific U.,3,17,12,1,11,0,0,0,0,0,0,0,0,0,0,0,0,0
2804,r028,All institutions -> California -> Biola U.,All institutions,California,Biola U.,3,28,11,0,1,0,0,10,5,0,0,0,5,0,0,0,0,0
2804,r029,All institutions -> California -> California Institute of Integral Studies,All institutions,California,California Institute of Integral Studies,3,40,2,0,2,0,0,0,11,0,0,0,11,3,0,0,3,0
2804,r030,All institutions -> California -> California Institute of Technology,All institutions,California,California Institute of Technology,3,206,0,0,0,0,0,0,0,0,0,0,0,0,0,0,0,0
2804,r031,All institutions -> California -> California Institute of the Arts,All institutions,California,California Institute of the Arts,3,1,0,0,0,0,0,0,1,0,0,0,1,0,0,0,0,0
2804,r032,All institutions -> California -> Chapman U.,All institutions,California,Chapman U.,3,18,9,2,2,0,0,5,0,0,0,0,0,1,1,0,0,0
2804,r033,"All institutions -> California -> City of Hope, Irell and Manella Graduate School of Biological Sciences",All institutions,California,"City of Hope, Irell and Manella Graduate School of Biological Sciences",3,8,0,0,0,0,0,0,0,0,0,0,0,0,0,0,0,0
2804,r034,All institutions -> California -> Claremont Graduate U.,All institutions,California,Claremont Graduate U.,3,140,39,3,16,0,3,17,29,0,4,5,20,1,1,0,0,0
2804,r035,All institutions -> California -> Claremont School of Theology,All institutions,California,Claremont School of Theology,3,20,0,0,0,0,0,0,20,0,0,0,20,0,0,0,0,0
2804,r036,All institutions -> California -> Fielding Graduate U.,All institutions,California,Fielding Graduate U.,3,74,5,1,2,1,0,1,1,0,0,0,1,12,12,0,0,0
2804,r037,All institutions -> California -> Frederick S. Pardee RAND Graduate School,All institutions,California,Frederick S. Pardee RAND Graduate School,3,11,0,0,0,0,0,0,0,0,0,0,0,0,0,0,0,0
2804,r038,All institutions -> California -> Fuller Theological Seminary,All institutions,California,Fuller Theological Seminary,3,53,0,0,0,0,0,0,24,0,1,0,23,0,0,0,0,0
2804,r039,All institutions -> California -> Graduate Theological Union,All institutions,California,Graduate Theological Union,3,17,0,0,0,0,0,0,16,0,1,0,15,0,0,0,0,0
2804,r040,All institutions -> California -> Keck Graduate Institute,All institutions,California,Keck Graduate Institute,3,6,0,0,0,0,0,0,0,0,0,0,0,0,0,0,0,0
2804,r041,All institutions -> California -> La Sierra U.,All institutions,California,La Sierra U.,3,7,5,2,3,0,0,0,0,0,0,0,0,0,0,0,0,0
2804,r042,All institutions -> California -> Loma Linda U.,All institutions,California,Loma Linda U.,3,38,0,0,0,0,0,0,0,0,0,0,0,1,0,0,1,0
2804,r043,All institutions -> California -> Naval Postgraduate School,All institutions,California,Naval Postgraduate School,3,10,0,0,0,0,0,0,0,0,0,0,0,0,0,0,0,0
2804,r044,All institutions -> California -> Pacifica Graduate Institute,All institutions,California,Pacifica Graduate Institute,3,53,0,0,0,0,0,0,10,0,1,0,9,0,0,0,0,0
2804,r045,All institutions -> California -> Palo Alto U.,All institutions,California,Palo Alto U.,3,54,0,0,0,0,0,0,0,0,0,0,0,0,0,0,0,0
2804,r046,"All institutions -> California -> San Diego State U., San Diego",All institutions,California,"San Diego State U., San Diego",3,35,4,0,0,0,2,2,0,0,0,0,0,0,0,0,0,0
2804,r047,"All institutions -> California -> Sanford-Burnham Medical Research Institute, La Jolla",All institutions,California,"Sanford-Burnham Medical Research Institute, La Jolla",3,7,0,0,0,0,0,0,0,0,0,0,0,0,0,0,0,0
2804,r048,All institutions -> California -> Santa Clara U.,All institutions,California,Santa Clara U.,3,7,0,0,0,0,0,0,0,0,0,0,0,0,0,0,0,0
2804,r049,All institutions -> California -> Saybrook U.,All institutions,California,Saybrook U.,3,41,1,1,0,0,0,0,1,0,0,0,1,8,7,0,1,0
2804,r050,All institutions -> California -> Scripps Research Institute,All institutions,California,Scripps Research Institute,3,52,0,0,0,0,0,0,0,0,0,0,0,0,0,0,0,0
2804,r051,All institutions -> California -> Sofia U.,All institutions,California,Sofia U.,3,6,0,0,0,0,0,0,0,0,0,0,0,0,0,0,0,0
2804,r052,All institutions -> California -> Stanford U.,All institutions,California,Stanford U.,3,770,25,0,10,0,4,11,70,13,14,18,25,32,23,6,3,0
2804,r053,"All institutions -> California -> U. California, Berkeley",All institutions,California,"U. California, Berkeley",3,864,34,2,19,0,7,6,93,19,21,25,28,41,12,0,29,0
2804,r054,"All institutions -> California -> U. California, Davis",All institutions,California,"U. California, Davis",3,521,9,0,4,0,3,2,36,10,6,9,11,5,0,5,0,0
2804,r055,"All institutions -> California -> U. California, Irvine",All institutions,California,"U. California, Irvine",3,407,6,0,1,0,1,4,47,11,8,11,17,10,7,2,1,0
2804,r056,"All institutions -> California -> U. California, Los Angeles",All institutions,California,"U. California, Los Angeles",3,701,35,6,12,0,6,11,91,18,22,18,33,18,9,1,8,0
2804,r057,"All institutions -> California -> U. California, Merced",All institutions,California,"U. California, Merced",3,63,0,0,0,0,0,0,1,0,0,1,0,0,0,0,0,0
2804,r058,"All institutions -> California -> U. California, Riverside",All institutions,California,"U. California, Riverside",3,292,10,0,8,0,0,2,30,1,3,13,13,0,0,0,0,0
2804,r059,"All institutions -> California -> U. California, San Diego",All institutions,California,"U. California, San Diego",3,492,9,6,3,0,0,0,41,0,12,5,24,4,1,3,0,0
2804,r060,"All institutions -> California -> U. California, San Francisco",All institutions,California,"U. California, San Francisco",3,130,0,0,0,0,0,0,0,0,0,0,0,0,0,0,0,0
2804,r061,"All institutions -> California -> U. California, Santa Barbara",All institutions,California,"U. California, Santa Barbara",3,323,19,1,6,0,6,6,56,3,9,13,31,9,1,8,0,0
2804,r062,"All institutions -> California -> U. California, Santa Cruz",All institutions,California,"U. California, Santa Cruz",3,190,4,0,2,0,1,1,19,0,2,4,13,0,0,0,0,0
2804,r063,All institutions -> California -> U. of the Pacific,All institutions,California,U. of the Pacific,3,14,0,0,0,0,0,0,0,0,0,0,0,1,0,0,1,0
2804,r064,All institutions -> California -> U. of the West,All institutions,California,U. of the West,3,4,0,0,0,0,0,0,4,0,0,0,4,0,0,0,0,0
2804,r065,All institutions -> California -> U. San Diego,All institutions,California,U. San Diego,3,32,4,3,1,0,0,0,0,0,0,0,0,7,6,1,0,0
2804,r066,All institutions -> California -> U. San Francisco,All institutions,California,U. San Francisco,3,9,8,4,2,0,1,1,0,0,0,0,0,1,1,0,0,0
2804,r067,All institutions -> California -> U. Southern California,All institutions,California,U. Southern California,3,494,8,2,6,0,0,0,40,2,4,13,21,40,11,18,11,0
2804,r068,All institutions -> Colorado,All institutions,Colorado,,2,1036,99,27,47,0,21,4,68,8,5,18,37,28,7,10,11,0
2804,r069,All institutions -> Colorado -> Colorado School of Mines,All institutions,Colorado,Colorado School of Mines,3,96,0,0,0,0,0,0,0,0,0,0,0,0,0,0,0,0
2804,r070,"All institutions -> Colorado -> Colorado State U., Fort Collins",All institutions,Colorado,"Colorado State U., Fort Collins",3,263,20,12,6,0,0,2,0,0,0,0,0,4,2,1,1,0
2804,r071,All institutions -> Colorado -> U. Colorado Boulder,All institutions,Colorado,U. Colorado Boulder,3,388,12,0,6,0,5,1,47,8,5,5,29,11,4,7,0,0
2804,r072,All institutions -> Colorado -> U. Colorado Colorado Springs,All institutions,Colorado,U. Colorado Colorado Springs,3,30,9,9,0,0,0,0,0,0,0,0,0,0,0,0,0,0
2804,r073,All institutions -> Colorado -> U. Colorado Denver,All institutions,Colorado,U. Colorado Denver,3,106,5,0,0,0,4,1,0,0,0,0,0,4,1,0,3,0
2804,r074,All institutions -> Colorado -> U. Denver,All institutions,Colorado,U. Denver,3,96,17,2,14,0,1,0,21,0,0,13,8,7,0,2,5,0
2804,r075,All institutions -> Colorado -> U. Northern Colorado,All institutions,Colorado,U. Northern Colorado,3,57,36,4,21,0,11,0,0,0,0,0,0,2,0,0,2,0
2804,r076,All institutions -> Connecticut,All institutions,Connecticut,,2,796,16,2,13,0,1,0,113,27,21,19,46,34,16,5,13,0
2804,r077,All institutions -> Connecticut -> U. Bridgeport,All institutions,Connecticut,U. Bridgeport,3,12,0,0,0,0,0,0,0,0,0,0,0,1,1,0,0,0
2804,r078,"All institutions -> Connecticut -> U. Connecticut, Storrs",All institutions,Connecticut,"U. Connecticut, Storrs",3,355,16,2,13,0,1,0,28,7,6,7,8,17,8,5,4,0
2804,r079,All institutions -> Connecticut -> U. New Haven,All institutions,Connecticut,U. New Haven,3,3,0,0,0,0,0,0,0,0,0,0,0,0,0,0,0,0
2804,r080,All institutions -> Connecticut -> Wesleyan U.,All institutions,Connecticut,Wesleyan U.,3,11,0,0,0,0,0,0,0,0,0,0,0,0,0,0,0,0
2804,r081,All institutions -> Connecticut -> Yale U.,All institutions,Connecticut,Yale U.,3,415,0,0,0,0,0,0,85,20,15,12,38,16,7,0,9,0
2804,r082,All institutions -> Delaware,All institutions,Delaware,,2,241,12,0,8,0,3,1,8,0,1,3,4,7,4,0,3,0
2804,r083,All institutions -> Delaware -> Delaware State U.,All institutions,Delaware,Delaware State U.,3,6,0,0,0,0,0,0,0,0,0,0,0,0,0,0,0,0
2804,r084,All institutions -> Delaware -> U. Delaware,All institutions,Delaware,U. Delaware,3,235,12,0,8,0,3,1,8,0,1,3,4,7,4,0,3,0
2804,r085,All institutions -> District of Columbia,All institutions,District of Columbia,,2,584,62,29,26,0,2,5,103,15,29,16,43,40,6,12,22,0
2804,r086,All institutions -> District of Columbia -> American U.,All institutions,District of Columbia,American U.,3,42,0,0,0,0,0,0,5,0,5,0,0,7,0,3,4,0
2804,r087,All institutions -> District of Columbia -> Catholic U. of America,All institutions,District of Columbia,Catholic U. of America,3,106,5,5,0,0,0,0,43,4,1,8,30,8,0,0,8,0
2804,r088,All institutions -> District of Columbia -> Gallaudet U.,All institutions,District of Columbia,Gallaudet U.,3,12,0,0,0,0,0,0,3,3,0,0,0,0,0,0,0,0
2804,r089,All institutions -> District of Columbia -> George Washington U.,All institutions,District of Columbia,George Washington U.,3,228,51,24,21,0,1,5,16,0,6,8,2,12,6,0,6,0
2804,r090,All institutions -> District of Columbia -> Georgetown U.,All institutions,District of Columbia,Georgetown U.,3,110,1,0,0,0,1,0,29,8,12,0,9,2,0,0,2,0
2804,r091,All institutions -> District of Columbia -> Howard U.,All institutions,District of Columbia,Howard U.,3,86,5,0,5,0,0,0,7,0,5,0,2,11,0,9,2,0
2804,r092,All institutions -> Florida,All institutions,Florida,,2,2469,260,34,138,4,63,21,166,14,26,49,77,154,80,28,46,0
2804,r093,All institutions -> Florida -> Barry U.,All institutions,Florida,Barry U.,3,19,10,7,3,0,0,0,0,0,0,0,0,4,0,0,4,0
2804,r094,"All institutions -> Florida -> Embry-Riddle Aeronautical U., Daytona Beach",All institutions,Florida,"Embry-Riddle Aeronautical U., Daytona Beach",3,23,0,0,0,0,0,0,0,0,0,0,0,0,0,0,0,0
2804,r095,All institutions -> Florida -> Florida A&M U.,All institutions,Florida,Florida A&M U.,3,18,6,5,0,0,0,1,0,0,0,0,0,0,0,0,0,0
2804,r096,All institutions -> Florida -> Florida Atlantic U.,All institutions,Florida,Florida Atlantic U.,3,110,23,11,10,1,0,1,8,0,0,4,4,12,10,0,2,0
2804,r097,All institutions -> Florida -> Florida Institute of Technology,All institutions,Florida,Florida Institute of Technology,3,84,1,0,0,0,1,0,0,0,0,0,0,0,0,0,0,0
2804,r098,All institutions -> Florida -> Florida International U.,All institutions,Florida,Florida International U.,3,204,13,0,11,0,2,0,10,6,4,0,0,22,12,0,10,0
2804,r099,All institutions -> Florida -> Florida State U.,All institutions,Florida,Florida State U.,3,381,55,1,28,1,23,2,44,0,7,21,16,28,18,5,5,0
2804,r100,All institutions -> Florida -> Nova Southeastern U.,All institutions,Florida,Nova Southeastern U.,3,165,14,0,8,0,3,3,10,0,0,0,10,4,3,0,1,0
2804,r101,All institutions -> Florida -> U. Central Florida,All institutions,Florida,U. Central Florida,3,230,22,0,11,2,3,6,9,0,0,4,5,12,6,0,6,0
2804,r102,All institutions -> Florida -> U. Florida,All institutions,Florida,U. Florida,3,718,38,1,23,0,14,0,36,2,7,13,14,46,15,14,17,0
2804,r103,All institutions -> Florida -> U. Miami,All institutions,Florida,U. Miami,3,200,7,0,1,0,5,1,28,6,3,1,18,14,9,4,1,0
2804,r104,"All institutions -> Florida -> U. South Florida, Tampa",All institutions,Florida,"U. South Florida, Tampa",3,308,62,9,37,0,11,5,21,0,5,6,10,12,7,5,0,0
2804,r105,All institutions -> Florida -> U. West Florida,All institutions,Florida,U. West Florida,3,9,9,0,6,0,1,2,0,0,0,0,0,0,0,0,0,0
2804,r106,All institutions -> Georgia,All institutions,Georgia,,2,1447,116,10,64,6,31,5,130,12,23,54,41,97,54,12,31,0
2804,r107,All institutions -> Georgia -> Clark Atlanta U.,All institutions,Georgia,Clark Atlanta U.,3,16,0,0,0,0,0,0,5,0,0,2,3,2,0,0,2,0
2804,r108,All institutions -> Georgia -> Emory U.,All institutions,Georgia,Emory U.,3,216,0,0,0,0,0,0,53,5,9,12,27,12,7,0,5,0
2804,r109,All institutions -> Georgia -> Georgia Institute of Technology,All institutions,Georgia,Georgia Institute of Technology,3,503,1,0,0,0,1,0,5,0,0,0,5,16,10,1,5,0
2804,r110,All institutions -> Georgia -> Georgia Regents U.,All institutions,Georgia,Georgia Regents U.,3,22,0,0,0,0,0,0,0,0,0,0,0,0,0,0,0,0
2804,r111,All institutions -> Georgia -> Georgia Southern U.,All institutions,Georgia,Georgia Southern U.,3,1,0,0,0,0,0,0,0,0,0,0,0,1,1,0,0,0
2804,r112,All institutions -> Georgia -> Georgia State U.,All institutions,Georgia,Georgia State U.,3,233,40,0,25,4,11,0,34,0,9,25,0,25,19,4,2,0
2804,r113,All institutions -> Georgia -> Kennesaw State U.,All institutions,Georgia,Kennesaw State U.,3,16,0,0,0,0,0,0,0,0,0,0,0,12,7,0,5,0
2804,r114,All institutions -> Georgia -> Mercer U.,All institutions,Georgia,Mercer U.,3,10,0,0,0,0,0,0,0,0,0,0,0,0,0,0,0,0
2804,r115,All institutions -> Georgia -> Morehouse School of Medicine,All institutions,Georgia,Morehouse School of Medicine,3,2,0,0,0,0,0,0,0,0,0,0,0,0,0,0,0,0
2804,r116,All institutions -> Georgia -> U. Georgia,All institutions,Georgia,U. Georgia,3,428,75,10,39,2,19,5,33,7,5,15,6,29,10,7,12,0
2804,r117,All institutions -> Hawaii,All institutions,Hawaii,,2,209,16,0,13,0,3,0,30,6,2,10,12,10,3,5,2,0
2804,r118,"All institutions -> Hawaii -> U. Hawaii, Manoa",All institutions,Hawaii,"U. Hawaii, Manoa",3,209,16,0,13,0,3,0,30,6,2,10,12,10,3,5,2,0
2804,r119,All institutions -> Idaho,All institutions,Idaho,,2,104,29,7,17,0,0,5,4,1,0,3,0,4,0,0,4,0
2804,r120,All institutions -> Idaho -> Boise State U.,All institutions,Idaho,Boise State U.,3,23,0,0,0,0,0,0,0,0,0,0,0,3,0,0,3,0
2804,r121,All institutions -> Idaho -> Idaho State U.,All institutions,Idaho,Idaho State U.,3,39,18,5,12,0,0,1,4,1,0,3,0,0,0,0,0,0
2804,r122,All institutions -> Idaho -> U. Idaho,All institutions,Idaho,U. Idaho,3,42,11,2,5,0,0,4,0,0,0,0,0,1,0,0,1,0
2804,r123,All institutions -> Illinois,All institutions,Illinois,,2,2492,123,12,88,0,19,4,321,27,61,67,166,146,89,22,35,0
2804,r124,All institutions -> Illinois -> Benedictine U.,All institutions,Illinois,Benedictine U.,3,15,0,0,0,0,0,0,0,0,0,0,0,14,14,0,0,0
2804,r125,All institutions -> Illinois -> Chicago Theological Seminary,All institutions,Illinois,Chicago Theological Seminary,3,4,0,0,0,0,0,0,4,0,0,0,4,0,0,0,0,0
2804,r126,All institutions -> Illinois -> DePaul U.,All institutions,Illinois,DePaul U.,3,17,0,0,0,0,0,0,2,0,0,0,2,0,0,0,0,0
2804,r127,All institutions -> Illinois -> Garrett-Evangelical Theological Seminary,All institutions,Illinois,Garrett-Evangelical Theological Seminary,3,9,0,0,0,0,0,0,9,0,0,0,9,0,0,0,0,0
2804,r128,All institutions -> Illinois -> Illinois Institute of Technology,All institutions,Illinois,Illinois Institute of Technology,3,103,6,0,0,0,6,0,1,0,0,0,1,14,10,0,4,0
2804,r129,All institutions -> Illinois -> Illinois State U.,All institutions,Illinois,Illinois State U.,3,30,11,3,4,0,4,0,6,0,0,5,1,0,0,0,0,0
2804,r130,"All institutions -> Illinois -> Institute for Clinical Social Work, Chicago",All institutions,Illinois,"Institute for Clinical Social Work, Chicago",3,3,0,0,0,0,0,0,0,0,0,0,0,3,0,0,3,0
2804,r131,"All institutions -> Illinois -> Loyola U., Chicago",All institutions,Illinois,"Loyola U., Chicago",3,73,7,0,6,0,0,1,13,0,2,2,9,1,0,0,1,0
2804,r132,"All institutions -> Illinois -> Lutheran School of Theology, Chicago",All institutions,Illinois,"Lutheran School of Theology, Chicago",3,9,0,0,0,0,0,0,9,0,0,0,9,0,0,0,0,0
2804,r133,All institutions -> Illinois -> National Louis U.,All institutions,Illinois,National Louis U.,3,6,0,0,0,0,0,0,1,0,0,0,1,0,0,0,0,0
2804,r134,All institutions -> Illinois -> Northern Illinois U.,All institutions,Illinois,Northern Illinois U.,3,70,14,0,14,0,0,0,6,0,2,4,0,0,0,0,0,0
2804,r135,All institutions -> Illinois -> Northwestern U.,All institutions,Illinois,Northwestern U.,3,484,6,0,5,0,1,0,65,4,16,12,33,25,23,2,0,0
2804,r136,All institutions -> Illinois -> Roosevelt U.,All institutions,Illinois,Roosevelt U.,3,2,0,0,0,0,0,0,0,0,0,0,0,0,0,0,0,0
2804,r137,All institutions -> Illinois -> Rosalind Franklin U. of Medicine and Science,All institutions,Illinois,Rosalind Franklin U. of Medicine and Science,3,15,0,0,0,0,0,0,0,0,0,0,0,0,0,0,0,0
2804,r138,All institutions -> Illinois -> Rush U.,All institutions,Illinois,Rush U.,3,15,0,0,0,0,0,0,0,0,0,0,0,0,0,0,0,0
2804,r139,"All institutions -> Illinois -> Southern Illinois U., Carbondale",All institutions,Illinois,"Southern Illinois U., Carbondale",3,134,17,1,11,0,3,2,14,0,2,3,9,7,1,6,0,0
2804,r140,"All institutions -> Illinois -> Toyota Technological Institute, Chicago",All institutions,Illinois,"Toyota Technological Institute, Chicago",3,3,0,0,0,0,0,0,0,0,0,0,0,0,0,0,0,0
2804,r141,All institutions -> Illinois -> U. Chicago,All institutions,Illinois,U. Chicago,3,409,0,0,0,0,0,0,125,13,29,24,59,26,18,0,8,0
2804,r142,"All institutions -> Illinois -> U. Illinois, Chicago",All institutions,Illinois,"U. Illinois, Chicago",3,326,21,0,18,0,3,0,20,2,4,5,9,13,5,3,5,0
2804,r143,"All institutions -> Illinois -> U. Illinois, Urbana-Champaign",All institutions,Illinois,"U. Illinois, Urbana-Champaign",3,759,41,8,30,0,2,1,40,8,6,12,14,43,18,11,14,0
2804,r144,"All institutions -> Illinois -> Wheaton C., Wheaton",All institutions,Illinois,"Wheaton C., Wheaton",3,6,0,0,0,0,0,0,6,0,0,0,6,0,0,0,0,0
2804,r145,All institutions -> Indiana,All institutions,Indiana,,2,1569,143,31,77,1,27,7,195,36,33,52,74,71,34,17,20,0
2804,r146,All institutions -> Indiana -> Ball State U.,All institutions,Indiana,Ball State U.,3,33,5,0,3,0,1,1,4,0,0,4,0,0,0,0,0,0
2804,r147,All institutions -> Indiana -> Indiana State U.,All institutions,Indiana,Indiana State U.,3,55,43,26,15,0,0,2,0,0,0,0,0,4,4,0,0,0
2804,r148,"All institutions -> Indiana -> Indiana U., Bloomington",All institutions,Indiana,"Indiana U., Bloomington",3,428,54,1,38,0,13,2,93,26,12,17,38,27,13,7,7,0
2804,r149,"All institutions -> Indiana -> Indiana U.-Purdue U., Indianapolis",All institutions,Indiana,"Indiana U.-Purdue U., Indianapolis",3,83,3,2,0,0,1,0,0,0,0,0,0,14,0,1,13,0
2804,r150,"All institutions -> Indiana -> Purdue U., West Lafayette",All institutions,Indiana,"Purdue U., West Lafayette",3,730,38,2,21,1,12,2,39,6,6,22,5,26,17,9,0,0
2804,r151,All institutions -> Indiana -> U. Notre Dame,All institutions,Indiana,U. Notre Dame,3,240,0,0,0,0,0,0,59,4,15,9,31,0,0,0,0,0
2804,r152,All institutions -> Iowa,All institutions,Iowa,,2,727,76,9,39,1,20,7,37,3,5,14,15,45,29,7,9,0
2804,r153,All institutions -> Iowa -> Iowa State U.,All institutions,Iowa,Iowa State U.,3,389,25,4,8,0,7,6,4,0,1,3,0,19,12,1,6,0
2804,r154,All institutions -> Iowa -> Maharishi U. of Management,All institutions,Iowa,Maharishi U. of Management,3,5,0,0,0,0,0,0,1,0,0,0,1,3,3,0,0,0
2804,r155,All institutions -> Iowa -> St. Ambrose U.,All institutions,Iowa,St. Ambrose U.,3,2,0,0,0,0,0,0,0,0,0,0,0,2,2,0,0,0
2804,r156,All institutions -> Iowa -> U. Iowa,All institutions,Iowa,U. Iowa,3,311,35,1,26,0,8,0,32,3,4,11,14,20,12,6,2,0
2804,r157,All institutions -> Iowa -> U. Northern Iowa,All institutions,Iowa,U. Northern Iowa,3,20,16,4,5,1,5,1,0,0,0,0,0,1,0,0,1,0
2804,r158,All institutions -> Kansas,All institutions,Kansas,,2,536,54,1,36,0,12,5,35,5,8,12,10,38,14,5,19,0
2804,r159,All institutions -> Kansas -> Kansas State U.,All institutions,Kansas,Kansas State U.,3,195,19,0,10,0,4,5,2,0,2,0,0,15,11,0,4,0
2804,r160,All institutions -> Kansas -> U. Kansas,All institutions,Kansas,U. Kansas,3,304,35,1,26,0,8,0,33,5,6,12,10,23,3,5,15,0
2804,r161,All institutions -> Kansas -> Wichita State U.,All institutions,Kansas,Wichita State U.,3,37,0,0,0,0,0,0,0,0,0,0,0,0,0,0,0,0
2804,r162,All institutions -> Kentucky,All institutions,Kentucky,,2,524,53,20,19,5,6,3,68,4,2,10,52,35,14,6,15,0
2804,r163,All institutions -> Kentucky -> Asbury Theological Seminary,All institutions,Kentucky,Asbury Theological Seminary,3,16,0,0,0,0,0,0,10,0,0,0,10,0,0,0,0,0
2804,r164,All institutions -> Kentucky -> Southern Baptist Theological Seminary,All institutions,Kentucky,Southern Baptist Theological Seminary,3,32,1,1,0,0,0,0,31,0,1,0,30,0,0,0,0,0
2804,r165,All institutions -> Kentucky -> U. Kentucky,All institutions,Kentucky,U. Kentucky,3,322,34,10,13,4,5,2,14,4,0,4,6,23,8,6,9,0
2804,r166,All institutions -> Kentucky -> U. Louisville,All institutions,Kentucky,U. Louisville,3,154,18,9,6,1,1,1,13,0,1,6,6,12,6,0,6,0
2804,r167,All institutions -> Louisiana,All institutions,Louisiana,,2,615,55,20,23,0,8,4,68,14,4,23,27,41,21,10,10,0
2804,r168,All institutions -> Louisiana -> Grambling State U.,All institutions,Louisiana,Grambling State U.,3,9,9,3,5,0,0,1,0,0,0,0,0,0,0,0,0,0
2804,r169,"All institutions -> Louisiana -> Louisiana State U., Baton Rouge",All institutions,Louisiana,"Louisiana State U., Baton Rouge",3,300,27,7,14,0,5,1,33,6,3,11,13,31,15,10,6,0
2804,r170,"All institutions -> Louisiana -> Louisiana State U., Health Sciences Center, New Orleans",All institutions,Louisiana,"Louisiana State U., Health Sciences Center, New Orleans",3,21,0,0,0,0,0,0,0,0,0,0,0,0,0,0,0,0
2804,r171,"All institutions -> Louisiana -> Louisiana State U., Health Sciences Center, Shreveport",All institutions,Louisiana,"Louisiana State U., Health Sciences Center, Shreveport",3,15,0,0,0,0,0,0,0,0,0,0,0,0,0,0,0,0
2804,r172,All institutions -> Louisiana -> Louisiana Tech U.,All institutions,Louisiana,Louisiana Tech U.,3,36,0,0,0,0,0,0,0,0,0,0,0,5,5,0,0,0
2804,r173,All institutions -> Louisiana -> New Orleans Baptist Theological Seminary,All institutions,Louisiana,New Orleans Baptist Theological Seminary,3,14,1,0,0,0,0,1,7,0,0,0,7,0,0,0,0,0
2804,r174,"All institutions -> Louisiana -> Southern U. and A&M C., Baton Rouge",All institutions,Louisiana,"Southern U. and A&M C., Baton Rouge",3,21,4,0,0,0,3,1,1,0,0,0,1,0,0,0,0,0
2804,r175,All institutions -> Louisiana -> Tulane U.,All institutions,Louisiana,Tulane U.,3,102,1,1,0,0,0,0,13,6,1,0,6,4,0,0,4,0
2804,r176,"All institutions -> Louisiana -> U. Louisiana, Lafayette",All institutions,Louisiana,"U. Louisiana, Lafayette",3,45,0,0,0,0,0,0,14,2,0,12,0,0,0,0,0,0
2804,r177,"All institutions -> Louisiana -> U. Louisiana, Monroe",All institutions,Louisiana,"U. Louisiana, Monroe",3,12,0,0,0,0,0,0,0,0,0,0,0,0,0,0,0,0
2804,r178,All institutions -> Louisiana -> U. New Orleans,All institutions,Louisiana,U. New Orleans,3,40,13,9,4,0,0,0,0,0,0,0,0,1,1,0,0,0
2804,r179,All institutions -> Maine,All institutions,Maine,,2,74,7,3,1,0,2,1,1,0,1,0,0,1,0,0,1,0
2804,r180,All institutions -> Maine -> U. Maine,All institutions,Maine,U. Maine,3,67,4,1,0,0,2,1,1,0,1,0,0,1,0,0,1,0
2804,r181,All institutions -> Maine -> U. Southern Maine,All institutions,Maine,U. Southern Maine,3,7,3,2,1,0,0,0,0,0,0,0,0,0,0,0,0,0
2804,r182,All institutions -> Maryland,All institutions,Maryland,,2,1291,49,10,30,1,7,1,61,10,14,17,20,53,26,12,15,0
2804,r183,All institutions -> Maryland -> Bowie State U.,All institutions,Maryland,Bowie State U.,3,1,0,0,0,0,0,0,0,0,0,0,0,0,0,0,0,0
2804,r184,All institutions -> Maryland -> Johns Hopkins U.,All institutions,Maryland,Johns Hopkins U.,3,455,0,0,0,0,0,0,25,5,8,5,7,0,0,0,0,0
2804,r185,"All institutions -> Maryland -> Loyola U., Maryland",All institutions,Maryland,"Loyola U., Maryland",3,10,4,0,4,0,0,0,0,0,0,0,0,0,0,0,0,0
2804,r186,All institutions -> Maryland -> Morgan State U.,All institutions,Maryland,Morgan State U.,3,37,3,0,3,0,0,0,4,0,2,0,2,10,2,0,8,0
2804,r187,All institutions -> Maryland -> Notre Dame of Maryland U.,All institutions,Maryland,Notre Dame of Maryland U.,3,12,12,7,2,1,2,0,0,0,0,0,0,0,0,0,0,0
2804,r188,All institutions -> Maryland -> Towson U.,All institutions,Maryland,Towson U.,3,11,0,0,0,0,0,0,0,0,0,0,0,1,0,0,1,0
2804,r189,"All institutions -> Maryland -> U. Maryland, Baltimore",All institutions,Maryland,"U. Maryland, Baltimore",3,71,0,0,0,0,0,0,0,0,0,0,0,4,0,0,4,0
2804,r190,"All institutions -> Maryland -> U. Maryland, Baltimore County",All institutions,Maryland,"U. Maryland, Baltimore County",3,81,1,0,1,0,0,0,3,0,0,2,1,2,1,1,0,0
2804,r191,"All institutions -> Maryland -> U. Maryland, College Park",All institutions,Maryland,"U. Maryland, College Park",3,575,28,2,20,0,5,1,29,5,4,10,10,29,16,11,2,0
2804,r192,"All institutions -> Maryland -> U. Maryland, Eastern Shore",All institutions,Maryland,"U. Maryland, Eastern Shore",3,18,1,1,0,0,0,0,0,0,0,0,0,7,7,0,0,0
2804,r193,All institutions -> Maryland -> Uniformed Services U. of the Health Sciences,All institutions,Maryland,Uniformed Services U. of the Health Sciences,3,20,0,0,0,0,0,0,0,0,0,0,0,0,0,0,0,0
2804,r194,All institutions -> Massachusetts,All institutions,Massachusetts,,2,3034,127,33,57,1,23,13,263,34,51,50,128,142,78,6,58,0
2804,r195,All institutions -> Massachusetts -> Bentley U.,All institutions,Massachusetts,Bentley U.,3,6,0,0,0,0,0,0,0,0,0,0,0,5,5,0,0,0
2804,r196,All institutions -> Massachusetts -> Boston C.,All institutions,Massachusetts,Boston C.,3,133,20,0,12,1,5,2,18,3,1,0,14,11,5,0,6,0
2804,r197,All institutions -> Massachusetts -> Boston U.,All institutions,Massachusetts,Boston U.,3,312,1,0,1,0,0,0,53,5,5,9,34,8,3,0,5,0
2804,r198,All institutions -> Massachusetts -> Brandeis U.,All institutions,Massachusetts,Brandeis U.,3,77,0,0,0,0,0,0,13,0,3,4,6,0,0,0,0,0
2804,r199,All institutions -> Massachusetts -> Clark U.,All institutions,Massachusetts,Clark U.,3,15,0,0,0,0,0,0,3,0,2,0,1,2,2,0,0,0
2804,r200,All institutions -> Massachusetts -> Harvard U.,All institutions,Massachusetts,Harvard U.,3,738,17,2,9,0,1,5,103,21,29,19,34,37,19,0,18,0
2804,r201,All institutions -> Massachusetts -> Massachusetts C. of Pharmacy and Health Sciences,All institutions,Massachusetts,Massachusetts C. of Pharmacy and Health Sciences,3,3,0,0,0,0,0,0,0,0,0,0,0,0,0,0,0,0
2804,r202,All institutions -> Massachusetts -> Massachusetts Institute of Technology,All institutions,Massachusetts,Massachusetts Institute of Technology,3,685,1,0,1,0,0,0,11,0,0,0,11,24,19,0,5,0
2804,r203,All institutions -> Massachusetts -> New England Conservatory,All institutions,Massachusetts,New England Conservatory,3,10,0,0,0,0,0,0,10,0,0,0,10,0,0,0,0,0
2804,r204,All institutions -> Massachusetts -> Northeastern U.,All institutions,Massachusetts,Northeastern U.,3,197,0,0,0,0,0,0,11,0,4,7,0,0,0,0,0,0
2804,r205,All institutions -> Massachusetts -> Simmons C.,All institutions,Massachusetts,Simmons C.,3,9,0,0,0,0,0,0,0,0,0,0,0,9,0,0,9,0
2804,r206,All institutions -> Massachusetts -> Smith C.,All institutions,Massachusetts,Smith C.,3,8,0,0,0,0,0,0,0,0,0,0,0,7,0,0,7,0
2804,r207,All institutions -> Massachusetts -> Springfield C.,All institutions,Massachusetts,Springfield C.,3,4,1,0,0,0,1,0,0,0,0,0,0,0,0,0,0,0
2804,r208,All institutions -> Massachusetts -> Suffolk U.,All institutions,Massachusetts,Suffolk U.,3,13,0,0,0,0,0,0,0,0,0,0,0,7,1,0,6,0
2804,r209,"All institutions -> Massachusetts -> Tufts U., Medford",All institutions,Massachusetts,"Tufts U., Medford",3,138,3,0,1,0,1,1,8,0,1,2,5,0,0,0,0,0
2804,r210,"All institutions -> Massachusetts -> U. Massachusetts, Amherst",All institutions,Massachusetts,"U. Massachusetts, Amherst",3,349,40,5,20,0,11,4,31,4,6,9,12,22,15,6,1,0
2804,r211,"All institutions -> Massachusetts -> U. Massachusetts, Boston",All institutions,Massachusetts,"U. Massachusetts, Boston",3,82,6,2,4,0,0,0,0,0,0,0,0,7,6,0,1,0
2804,r212,"All institutions -> Massachusetts -> U. Massachusetts, Dartmouth",All institutions,Massachusetts,"U. Massachusetts, Dartmouth",3,29,9,4,2,0,3,0,2,1,0,0,1,0,0,0,0,0
2804,r213,"All institutions -> Massachusetts -> U. Massachusetts, Lowell",All institutions,Massachusetts,"U. Massachusetts, Lowell",3,114,26,20,4,0,1,1,0,0,0,0,0,2,2,0,0,0
2804,r214,"All institutions -> Massachusetts -> U. Massachusetts, Medical School",All institutions,Massachusetts,"U. Massachusetts, Medical School",3,49,0,0,0,0,0,0,0,0,0,0,0,0,0,0,0,0
2804,r215,All institutions -> Massachusetts -> Western New England U.,All institutions,Massachusetts,Western New England U.,3,3,0,0,0,0,0,0,0,0,0,0,0,0,0,0,0,0
2804,r216,All institutions -> Massachusetts -> Worcester Polytechnic Institute,All institutions,Massachusetts,Worcester Polytechnic Institute,3,60,3,0,3,0,0,0,0,0,0,0,0,1,1,0,0,0
2804,r217,All institutions -> Michigan,All institutions,Michigan,,2,1905,194,50,98,4,38,4,152,15,38,45,54,87,36,24,27,0
2804,r218,All institutions -> Michigan -> Andrews U.,All institutions,Michigan,Andrews U.,3,23,6,2,4,0,0,0,6,0,0,0,6,3,3,0,0,0
2804,r219,All institutions -> Michigan -> Calvin Theological Seminary,All institutions,Michigan,Calvin Theological Seminary,3,4,0,0,0,0,0,0,4,0,1,0,3,0,0,0,0,0
2804,r220,All institutions -> Michigan -> Central Michigan U.,All institutions,Michigan,Central Michigan U.,3,40,5,2,1,0,2,0,3,0,3,0,0,0,0,0,0,0
2804,r221,All institutions -> Michigan -> Eastern Michigan U.,All institutions,Michigan,Eastern Michigan U.,3,40,22,16,2,0,3,1,0,0,0,0,0,4,3,0,1,0
2804,r222,All institutions -> Michigan -> Lawrence Technological U.,All institutions,Michigan,Lawrence Technological U.,3,4,0,0,0,0,0,0,0,0,0,0,0,0,0,0,0,0
2804,r223,All institutions -> Michigan -> Michigan State U.,All institutions,Michigan,Michigan State U.,3,518,75,6,50,3,15,1,29,4,4,9,12,31,9,18,4,0
2804,r224,All institutions -> Michigan -> Michigan Technological U.,All institutions,Michigan,Michigan Technological U.,3,86,0,0,0,0,0,0,3,0,0,1,2,0,0,0,0,0
2804,r225,All institutions -> Michigan -> Oakland U.,All institutions,Michigan,Oakland U.,3,59,20,13,3,1,3,0,0,0,0,0,0,0,0,0,0,0
2804,r226,All institutions -> Michigan -> U. Detroit Mercy,All institutions,Michigan,U. Detroit Mercy,3,4,0,0,0,0,0,0,0,0,0,0,0,0,0,0,0,0
2804,r227,"All institutions -> Michigan -> U. Michigan, Ann Arbor",All institutions,Michigan,"U. Michigan, Ann Arbor",3,801,21,0,8,0,11,2,83,9,27,21,26,36,18,4,14,0
2804,r228,"All institutions -> Michigan -> U. Michigan, Dearborn",All institutions,Michigan,"U. Michigan, Dearborn",3,4,0,0,0,0,0,0,0,0,0,0,0,0,0,0,0,0
2804,r229,"All institutions -> Michigan -> U. Michigan, Flint",All institutions,Michigan,"U. Michigan, Flint",3,1,0,0,0,0,0,0,0,0,0,0,0,0,0,0,0,0
2804,r230,All institutions -> Michigan -> Van Andel Institute,All institutions,Michigan,Van Andel Institute,3,3,0,0,0,0,0,0,0,0,0,0,0,0,0,0,0,0
2804,r231,All institutions -> Michigan -> Wayne State U.,All institutions,Michigan,Wayne State U.,3,205,24,0,22,0,2,0,20,0,3,12,5,7,3,2,2,0
2804,r232,All institutions -> Michigan -> Western Michigan U.,All institutions,Michigan,Western Michigan U.,3,113,21,11,8,0,2,0,4,2,0,2,0,6,0,0,6,0
2804,r233,All institutions -> Minnesota,All institutions,Minnesota,,2,1578,176,14,92,4,34,32,62,9,8,8,37,221,114,10,97,0
2804,r234,All institutions -> Minnesota -> Luther Seminary,All institutions,Minnesota,Luther Seminary,3,5,0,0,0,0,0,0,5,0,1,0,4,0,0,0,0,0
2804,r235,"All institutions -> Minnesota -> Mayo Clinic, Mayo Graduate School",All institutions,Minnesota,"Mayo Clinic, Mayo Graduate School",3,34,0,0,0,0,0,0,0,0,0,0,0,0,0,0,0,0
2804,r236,"All institutions -> Minnesota -> U. Minnesota, Twin Cities",All institutions,Minnesota,"U. Minnesota, Twin Cities",3,719,66,5,31,1,15,14,52,9,7,8,28,40,14,10,16,0
2804,r237,All institutions -> Minnesota -> Walden U.,All institutions,Minnesota,Walden U.,3,820,110,9,61,3,19,18,5,0,0,0,5,181,100,0,81,0
2804,r238,All institutions -> Mississippi,All institutions,Mississippi,,2,517,129,61,34,3,26,5,30,0,11,19,0,38,23,6,9,0
2804,r239,All institutions -> Mississippi -> Jackson State U.,All institutions,Mississippi,Jackson State U.,3,85,45,34,11,0,0,0,0,0,0,0,0,10,2,0,8,0
2804,r240,All institutions -> Mississippi -> Mississippi State U.,All institutions,Mississippi,Mississippi State U.,3,179,29,17,5,0,4,3,4,0,4,0,0,7,6,0,1,0
2804,r241,"All institutions -> Mississippi -> U. Mississippi, Oxford",All institutions,Mississippi,"U. Mississippi, Oxford",3,129,15,1,6,1,6,1,11,0,5,6,0,13,13,0,0,0
2804,r242,All institutions -> Mississippi -> U. Southern Mississippi,All institutions,Mississippi,U. Southern Mississippi,3,124,40,9,12,2,16,1,15,0,2,13,0,8,2,6,0,0
2804,r243,All institutions -> Missouri,All institutions,Missouri,,2,978,108,22,41,1,33,11,91,9,14,18,50,67,27,11,29,0
2804,r244,All institutions -> Missouri -> Concordia Seminary,All institutions,Missouri,Concordia Seminary,3,4,0,0,0,0,0,0,4,0,0,0,4,0,0,0,0,0
2804,r245,All institutions -> Missouri -> Midwestern Baptist Theological Seminary,All institutions,Missouri,Midwestern Baptist Theological Seminary,3,11,0,0,0,0,0,0,11,0,0,0,11,0,0,0,0,0
2804,r246,All institutions -> Missouri -> Missouri U. of Science and Technology,All institutions,Missouri,Missouri U. of Science and Technology,3,100,0,0,0,0,0,0,0,0,0,0,0,0,0,0,0,0
2804,r247,All institutions -> Missouri -> Saint Louis U.,All institutions,Missouri,Saint Louis U.,3,135,41,12,25,0,1,3,23,0,3,3,17,7,3,0,4,0
2804,r248,"All institutions -> Missouri -> U. Missouri, Columbia",All institutions,Missouri,"U. Missouri, Columbia",3,325,31,3,6,1,21,0,30,5,6,8,11,30,10,11,9,0
2804,r249,"All institutions -> Missouri -> U. Missouri, Kansas City",All institutions,Missouri,"U. Missouri, Kansas City",3,61,10,0,3,0,7,0,0,0,0,0,0,5,2,0,3,0
2804,r250,"All institutions -> Missouri -> U. Missouri, Saint Louis",All institutions,Missouri,"U. Missouri, Saint Louis",3,55,21,7,5,0,3,6,0,0,0,0,0,3,3,0,0,0
2804,r251,"All institutions -> Missouri -> Washington U., Saint Louis",All institutions,Missouri,"Washington U., Saint Louis",3,287,5,0,2,0,1,2,23,4,5,7,7,22,9,0,13,0
2804,r252,All institutions -> Montana,All institutions,Montana,,2,126,14,7,2,1,3,1,3,0,2,0,1,0,0,0,0,0
2804,r253,"All institutions -> Montana -> Montana State U., Bozeman",All institutions,Montana,"Montana State U., Bozeman",3,74,11,5,2,1,2,1,2,0,1,0,1,0,0,0,0,0
2804,r254,All institutions -> Montana -> Montana Tech of U. Montana,All institutions,Montana,Montana Tech of U. Montana,3,3,0,0,0,0,0,0,0,0,0,0,0,0,0,0,0,0
2804,r255,"All institutions -> Montana -> U. Montana, Missoula",All institutions,Montana,"U. Montana, Missoula",3,49,3,2,0,0,1,0,1,0,1,0,0,0,0,0,0,0
2804,r256,All institutions -> Nebraska,All institutions,Nebraska,,2,383,37,13,14,1,4,5,20,3,2,9,6,17,6,4,7,0
2804,r257,All institutions -> Nebraska -> Creighton U.,All institutions,Nebraska,Creighton U.,3,7,0,0,0,0,0,0,0,0,0,0,0,0,0,0,0,0
2804,r258,"All institutions -> Nebraska -> U. Nebraska, Lincoln",All institutions,Nebraska,"U. Nebraska, Lincoln",3,275,37,13,14,1,4,5,20,3,2,9,6,12,6,4,2,0
2804,r259,"All institutions -> Nebraska -> U. Nebraska, Medical Center",All institutions,Nebraska,"U. Nebraska, Medical Center",3,77,0,0,0,0,0,0,0,0,0,0,0,0,0,0,0,0
2804,r260,"All institutions -> Nebraska -> U. Nebraska, Omaha",All institutions,Nebraska,"U. Nebraska, Omaha",3,24,0,0,0,0,0,0,0,0,0,0,0,5,0,0,5,0
2804,r261,All institutions -> Nevada,All institutions,Nevada,,2,217,33,2,19,0,9,3,14,0,1,13,0,14,5,0,9,0
2804,r262,"All institutions -> Nevada -> U. Nevada, Las Vegas",All institutions,Nevada,"U. Nevada, Las Vegas",3,109,26,0,17,0,7,2,8,0,1,7,0,12,5,0,7,0
2804,r263,"All institutions -> Nevada -> U. Nevada, Reno",All institutions,Nevada,"U. Nevada, Reno",3,108,7,2,2,0,2,1,6,0,0,6,0,2,0,0,2,0
2804,r264,All institutions -> New Hampshire,All institutions,New Hampshire,,2,193,4,0,1,0,1,2,6,0,2,4,0,7,7,0,0,0
2804,r265,"All institutions -> New Hampshire -> Antioch U., Keene",All institutions,New Hampshire,"Antioch U., Keene",3,9,0,0,0,0,0,0,0,0,0,0,0,0,0,0,0,0
2804,r266,All institutions -> New Hampshire -> Dartmouth C.,All institutions,New Hampshire,Dartmouth C.,3,100,1,0,1,0,0,0,0,0,0,0,0,0,0,0,0,0
2804,r267,All institutions -> New Hampshire -> Southern New Hampshire U.,All institutions,New Hampshire,Southern New Hampshire U.,3,7,0,0,0,0,0,0,0,0,0,0,0,7,7,0,0,0
2804,r268,"All institutions -> New Hampshire -> U. New Hampshire, Durham",All institutions,New Hampshire,"U. New Hampshire, Durham",3,77,3,0,0,0,1,2,6,0,2,4,0,0,0,0,0,0
2804,r269,All institutions -> New Jersey,All institutions,New Jersey,,2,1145,56,12,22,5,15,2,170,25,48,34,63,67,33,10,24,0
2804,r270,All institutions -> New Jersey -> Caldwell U.,All institutions,New Jersey,Caldwell U.,3,3,0,0,0,0,0,0,0,0,0,0,0,0,0,0,0,0
2804,r271,All institutions -> New Jersey -> Drew U.,All institutions,New Jersey,Drew U.,3,17,0,0,0,0,0,0,17,0,7,0,10,0,0,0,0,0
2804,r272,"All institutions -> New Jersey -> Fairleigh Dickinson U., Teaneck",All institutions,New Jersey,"Fairleigh Dickinson U., Teaneck",3,17,0,0,0,0,0,0,0,0,0,0,0,0,0,0,0,0
2804,r273,All institutions -> New Jersey -> Montclair State U.,All institutions,New Jersey,Montclair State U.,3,23,9,0,1,1,7,0,0,0,0,0,0,1,0,0,1,0
2804,r274,All institutions -> New Jersey -> New Jersey Institute of Technology,All institutions,New Jersey,New Jersey Institute of Technology,3,56,0,0,0,0,0,0,0,0,0,0,0,0,0,0,0,0
2804,r275,All institutions -> New Jersey -> Princeton Theological Seminary,All institutions,New Jersey,Princeton Theological Seminary,3,9,0,0,0,0,0,0,9,0,0,1,8,0,0,0,0,0
2804,r276,All institutions -> New Jersey -> Princeton U.,All institutions,New Jersey,Princeton U.,3,398,0,0,0,0,0,0,87,10,32,21,24,10,0,0,10,0
2804,r277,All institutions -> New Jersey -> Rowan U.,All institutions,New Jersey,Rowan U.,3,3,0,0,0,0,0,0,0,0,0,0,0,0,0,0,0,0
2804,r278,"All institutions -> New Jersey -> Rutgers, State U. New Jersey, Camden",All institutions,New Jersey,"Rutgers, State U. New Jersey, Camden",3,11,0,0,0,0,0,0,0,0,0,0,0,3,0,0,3,0
2804,r279,"All institutions -> New Jersey -> Rutgers, State U. New Jersey, New Brunswick",All institutions,New Jersey,"Rutgers, State U. New Jersey, New Brunswick",3,441,31,6,11,4,8,2,57,15,9,12,21,19,2,10,7,0
2804,r280,"All institutions -> New Jersey -> Rutgers, State U. New Jersey, Newark",All institutions,New Jersey,"Rutgers, State U. New Jersey, Newark",3,69,2,2,0,0,0,0,0,0,0,0,0,29,26,0,3,0
2804,r281,All institutions -> New Jersey -> Seton Hall U.,All institutions,New Jersey,Seton Hall U.,3,38,14,4,10,0,0,0,0,0,0,0,0,0,0,0,0,0
2804,r282,All institutions -> New Jersey -> Stevens Institute of Technology,All institutions,New Jersey,Stevens Institute of Technology,3,60,0,0,0,0,0,0,0,0,0,0,0,5,5,0,0,0
2804,r283,All institutions -> New Mexico,All institutions,New Mexico,,2,328,54,5,29,1,16,3,24,3,2,11,8,16,7,6,3,0
2804,r284,All institutions -> New Mexico -> New Mexico Institute of Mining and Technology,All institutions,New Mexico,New Mexico Institute of Mining and Technology,3,6,0,0,0,0,0,0,0,0,0,0,0,0,0,0,0,0
2804,r285,"All institutions -> New Mexico -> New Mexico State U., Las Cruces",All institutions,New Mexico,"New Mexico State U., Las Cruces",3,107,23,5,12,1,4,1,4,0,0,4,0,6,6,0,0,0
2804,r286,"All institutions -> New Mexico -> U. New Mexico, Albuquerque",All institutions,New Mexico,"U. New Mexico, Albuquerque",3,215,31,0,17,0,12,2,20,3,2,7,8,10,1,6,3,0
2804,r287,All institutions -> New York,All institutions,New York,,2,4164,290,32,111,9,111,27,544,66,94,139,245,193,80,34,79,0
2804,r288,All institutions -> New York -> Adelphi U.,All institutions,New York,Adelphi U.,3,29,1,0,0,0,1,0,0,0,0,0,0,5,0,0,5,0
2804,r289,All institutions -> New York -> Albany Medical C.,All institutions,New York,Albany Medical C.,3,5,0,0,0,0,0,0,0,0,0,0,0,0,0,0,0,0
2804,r290,All institutions -> New York -> Albert Einstein College of Medicine ,All institutions,New York,Albert Einstein College of Medicine ,3,47,0,0,0,0,0,0,0,0,0,0,0,0,0,0,0,0
2804,r291,All institutions -> New York -> Alfred U.,All institutions,New York,Alfred U.,3,3,0,0,0,0,0,0,0,0,0,0,0,0,0,0,0,0
2804,r292,All institutions -> New York -> Bard C.,All institutions,New York,Bard C.,3,5,0,0,0,0,0,0,5,0,0,0,5,0,0,0,0,0
2804,r293,All institutions -> New York -> Clarkson U.,All institutions,New York,Clarkson U.,3,39,0,0,0,0,0,0,0,0,0,0,0,0,0,0,0,0
2804,r294,All institutions -> New York -> Cold Spring Harbor Laboratory,All institutions,New York,Cold Spring Harbor Laboratory,3,7,0,0,0,0,0,0,0,0,0,0,0,0,0,0,0,0
2804,r295,All institutions -> New York -> Columbia U. in the City of New York,All institutions,New York,Columbia U. in the City of New York,3,573,40,1,16,0,20,3,98,14,27,16,41,28,13,5,10,0
2804,r296,"All institutions -> New York -> Columbia U., Teachers C.",All institutions,New York,"Columbia U., Teachers C.",3,100,81,6,17,7,45,6,1,0,1,0,0,4,1,3,0,0
2804,r297,All institutions -> New York -> Cornell U.,All institutions,New York,Cornell U.,3,527,3,0,1,0,0,2,51,8,8,14,21,25,11,6,8,0
2804,r298,"All institutions -> New York -> Cornell U., Weill Cornell Medical College",All institutions,New York,"Cornell U., Weill Cornell Medical College",3,77,0,0,0,0,0,0,0,0,0,0,0,0,0,0,0,0
2804,r299,"All institutions -> New York -> CUNY, City C.",All institutions,New York,"CUNY, City C.",3,26,0,0,0,0,0,0,0,0,0,0,0,0,0,0,0,0
2804,r300,"All institutions -> New York -> CUNY, Graduate Center",All institutions,New York,"CUNY, Graduate Center",3,394,16,9,5,0,2,0,110,13,11,33,53,16,11,0,5,0
2804,r301,All institutions -> New York -> Elmezzi Graduate School of Molecular Medicine,All institutions,New York,Elmezzi Graduate School of Molecular Medicine,3,5,0,0,0,0,0,0,0,0,0,0,0,0,0,0,0,0
2804,r302,All institutions -> New York -> Five Towns C.,All institutions,New York,Five Towns C.,3,1,0,0,0,0,0,0,1,0,0,0,1,0,0,0,0,0
2804,r303,All institutions -> New York -> Fordham U.,All institutions,New York,Fordham U.,3,102,21,6,10,0,3,2,26,0,5,10,11,20,1,0,19,0
2804,r304,"All institutions -> New York -> Hebrew Union C.-Jewish Institute of Religion, New York City",All institutions,New York,"Hebrew Union C.-Jewish Institute of Religion, New York City",3,1,0,0,0,0,0,0,1,0,0,0,1,0,0,0,0,0
2804,r305,All institutions -> New York -> Hofstra U.,All institutions,New York,Hofstra U.,3,27,3,0,0,0,3,0,0,0,0,0,0,0,0,0,0,0
2804,r306,All institutions -> New York -> Icahn School of Medicine at Mt. Sinai,All institutions,New York,Icahn School of Medicine at Mt. Sinai,3,40,0,0,0,0,0,0,0,0,0,0,0,0,0,0,0,0
2804,r307,All institutions -> New York -> Jewish Theological Seminary of America,All institutions,New York,Jewish Theological Seminary of America,3,3,0,0,0,0,0,0,3,0,0,0,3,0,0,0,0,0
2804,r308,All institutions -> New York -> Juilliard School,All institutions,New York,Juilliard School,3,1,0,0,0,0,0,0,1,0,0,0,1,0,0,0,0,0
2804,r309,"All institutions -> New York -> Long Island U., Brooklyn",All institutions,New York,"Long Island U., Brooklyn",3,24,0,0,0,0,0,0,0,0,0,0,0,0,0,0,0,0
2804,r310,"All institutions -> New York -> Long Island U., Brookville",All institutions,New York,"Long Island U., Brookville",3,1,0,0,0,0,0,0,0,0,0,0,0,0,0,0,0,0
2804,r311,All institutions -> New York -> Memorial Sloan Kettering Cancer Center,All institutions,New York,Memorial Sloan Kettering Cancer Center,3,14,0,0,0,0,0,0,0,0,0,0,0,0,0,0,0,0
2804,r312,All institutions -> New York -> Molloy C.,All institutions,New York,Molloy C.,3,4,0,0,0,0,0,0,0,0,0,0,0,0,0,0,0,0
2804,r313,All institutions -> New York -> New School,All institutions,New York,New School,3,67,0,0,0,0,0,0,7,0,1,0,6,0,0,0,0,0
2804,r314,All institutions -> New York -> New York Medical C.,All institutions,New York,New York Medical C.,3,5,0,0,0,0,0,0,0,0,0,0,0,0,0,0,0,0
2804,r315,All institutions -> New York -> New York U.,All institutions,New York,New York U.,3,426,25,3,12,1,6,3,99,25,19,12,43,29,12,7,10,0
2804,r316,All institutions -> New York -> Pace U.,All institutions,New York,Pace U.,3,5,0,0,0,0,0,0,0,0,0,0,0,0,0,0,0,0
2804,r317,"All institutions -> New York -> Rensselaer Polytechnic Institute, Troy",All institutions,New York,"Rensselaer Polytechnic Institute, Troy",3,147,0,0,0,0,0,0,3,0,0,0,3,6,6,0,0,0
2804,r318,All institutions -> New York -> Rochester Institute of Technology,All institutions,New York,Rochester Institute of Technology,3,33,0,0,0,0,0,0,0,0,0,0,0,1,0,0,1,0
2804,r319,All institutions -> New York -> Rockefeller U.,All institutions,New York,Rockefeller U.,3,30,0,0,0,0,0,0,0,0,0,0,0,0,0,0,0,0
2804,r320,"All institutions -> New York -> St. John's U., Queens",All institutions,New York,"St. John's U., Queens",3,42,7,0,0,0,7,0,11,0,0,11,0,0,0,0,0,0
2804,r321,"All institutions -> New York -> SUNY, Binghamton U.",All institutions,New York,"SUNY, Binghamton U.",3,150,7,0,3,0,2,2,32,4,3,17,8,6,5,0,1,0
2804,r322,"All institutions -> New York -> SUNY, C. of Environmental Science and Forestry",All institutions,New York,"SUNY, C. of Environmental Science and Forestry",3,23,0,0,0,0,0,0,0,0,0,0,0,0,0,0,0,0
2804,r323,"All institutions -> New York -> SUNY, C. of Optometry",All institutions,New York,"SUNY, C. of Optometry",3,2,0,0,0,0,0,0,0,0,0,0,0,0,0,0,0,0
2804,r324,"All institutions -> New York -> SUNY, Downstate Medical Center",All institutions,New York,"SUNY, Downstate Medical Center",3,8,0,0,0,0,0,0,0,0,0,0,0,0,0,0,0,0
2804,r325,"All institutions -> New York -> SUNY, Stony Brook U.",All institutions,New York,"SUNY, Stony Brook U.",3,266,7,0,1,0,6,0,15,1,4,3,7,1,0,0,1,0
2804,r326,"All institutions -> New York -> SUNY, U. Albany",All institutions,New York,"SUNY, U. Albany",3,137,15,3,7,1,3,1,9,1,4,3,1,6,1,1,4,0
2804,r327,"All institutions -> New York -> SUNY, U. Buffalo",All institutions,New York,"SUNY, U. Buffalo",3,382,35,4,22,0,7,2,38,0,2,14,22,24,12,6,6,0
2804,r328,"All institutions -> New York -> SUNY, Upstate Medical U.",All institutions,New York,"SUNY, Upstate Medical U.",3,17,0,0,0,0,0,0,0,0,0,0,0,0,0,0,0,0
2804,r329,All institutions -> New York -> Syracuse U.,All institutions,New York,Syracuse U.,3,156,15,0,9,0,3,3,18,0,7,3,8,11,2,6,3,0
2804,r330,All institutions -> New York -> Union Theological Seminary,All institutions,New York,Union Theological Seminary,3,2,0,0,0,0,0,0,2,0,1,0,1,0,0,0,0,0
2804,r331,All institutions -> New York -> U. Rochester,All institutions,New York,U. Rochester,3,186,14,0,8,0,3,3,13,0,1,3,9,5,5,0,0,0
2804,r332,All institutions -> New York -> Yeshiva U.,All institutions,New York,Yeshiva U.,3,25,0,0,0,0,0,0,0,0,0,0,0,6,0,0,6,0
2804,r333,All institutions -> North Carolina,All institutions,North Carolina,,2,1808,144,11,92,0,25,16,158,20,27,46,65,93,49,12,32,0
2804,r334,All institutions -> North Carolina -> Duke U.,All institutions,North Carolina,Duke U.,3,382,0,0,0,0,0,0,56,8,8,14,26,19,16,0,3,0
2804,r335,All institutions -> North Carolina -> East Carolina U.,All institutions,North Carolina,East Carolina U.,3,58,0,0,0,0,0,0,3,0,0,3,0,2,0,2,0,0
2804,r336,All institutions -> North Carolina -> North Carolina Agricultural and Technical State U.,All institutions,North Carolina,North Carolina Agricultural and Technical State U.,3,52,7,2,5,0,0,0,0,0,0,0,0,16,13,0,3,0
2804,r337,All institutions -> North Carolina -> North Carolina State U.,All institutions,North Carolina,North Carolina State U.,3,533,51,6,33,0,11,1,7,0,0,3,4,23,2,5,16,0
2804,r338,All institutions -> North Carolina -> Southeastern Baptist Theological Seminary,All institutions,North Carolina,Southeastern Baptist Theological Seminary,3,20,0,0,0,0,0,0,19,0,0,0,19,1,1,0,0,0
2804,r339,"All institutions -> North Carolina -> U. North Carolina, Chapel Hill",All institutions,North Carolina,"U. North Carolina, Chapel Hill",3,489,31,1,16,0,1,13,63,11,16,20,16,24,9,5,10,0
2804,r340,"All institutions -> North Carolina -> U. North Carolina, Charlotte",All institutions,North Carolina,"U. North Carolina, Charlotte",3,130,23,0,19,0,4,0,0,0,0,0,0,4,4,0,0,0
2804,r341,"All institutions -> North Carolina -> U. North Carolina, Greensboro",All institutions,North Carolina,"U. North Carolina, Greensboro",3,93,32,2,19,0,9,2,10,1,3,6,0,4,4,0,0,0
2804,r342,"All institutions -> North Carolina -> U. North Carolina, Wilmington",All institutions,North Carolina,"U. North Carolina, Wilmington",3,2,0,0,0,0,0,0,0,0,0,0,0,0,0,0,0,0
2804,r343,All institutions -> North Carolina -> Wake Forest U.,All institutions,North Carolina,Wake Forest U.,3,49,0,0,0,0,0,0,0,0,0,0,0,0,0,0,0,0
2804,r344,All institutions -> North Dakota,All institutions,North Dakota,,2,168,35,14,9,4,4,4,4,0,0,4,0,0,0,0,0,0
2804,r345,All institutions -> North Dakota -> North Dakota State U.,All institutions,North Dakota,North Dakota State U.,3,87,11,0,3,3,2,3,1,0,0,1,0,0,0,0,0,0
2804,r346,All institutions -> North Dakota -> U. North Dakota,All institutions,North Dakota,U. North Dakota,3,81,24,14,6,1,2,1,3,0,0,3,0,0,0,0,0,0
2804,r347,All institutions -> Ohio,All institutions,Ohio,,2,2000,249,45,129,2,50,23,170,26,21,74,49,104,44,33,27,0
2804,r348,All institutions -> Ohio -> Air Force Institute of Technology,All institutions,Ohio,Air Force Institute of Technology,3,35,0,0,0,0,0,0,0,0,0,0,0,1,1,0,0,0
2804,r349,"All institutions -> Ohio -> Bowling Green State U., Bowling Green",All institutions,Ohio,"Bowling Green State U., Bowling Green",3,72,10,6,4,0,0,0,14,0,0,10,4,9,1,8,0,0
2804,r350,All institutions -> Ohio -> Case Western Reserve U.,All institutions,Ohio,Case Western Reserve U.,3,191,1,0,0,0,1,0,10,0,1,6,3,17,11,0,6,0
2804,r351,All institutions -> Ohio -> Cleveland State U.,All institutions,Ohio,Cleveland State U.,3,39,5,5,0,0,0,0,0,0,0,0,0,3,3,0,0,0
2804,r352,"All institutions -> Ohio -> Kent State U., Kent",All institutions,Ohio,"Kent State U., Kent",3,176,45,3,35,0,4,3,18,7,5,3,3,11,6,5,0,0
2804,r353,"All institutions -> Ohio -> Miami U., Oxford",All institutions,Ohio,"Miami U., Oxford",3,59,21,15,3,0,1,2,4,0,0,4,0,1,1,0,0,0
2804,r354,"All institutions -> Ohio -> Ohio State U., Columbus",All institutions,Ohio,"Ohio State U., Columbus",3,726,74,2,29,1,27,15,80,15,9,24,32,29,12,6,11,0
2804,r355,"All institutions -> Ohio -> Ohio U., Athens",All institutions,Ohio,"Ohio U., Athens",3,139,26,0,24,0,2,0,16,0,4,10,2,15,0,14,1,0
2804,r356,"All institutions -> Ohio -> U. Akron, Akron",All institutions,Ohio,"U. Akron, Akron",3,122,3,0,1,1,1,0,0,0,0,0,0,2,0,0,2,0
2804,r357,"All institutions -> Ohio -> U. Cincinnati, Uptown West Campus",All institutions,Ohio,"U. Cincinnati, Uptown West Campus",3,241,30,4,13,0,11,2,25,4,0,17,4,13,6,0,7,0
2804,r358,All institutions -> Ohio -> U. Dayton,All institutions,Ohio,U. Dayton,3,45,12,10,1,0,0,1,1,0,0,0,1,0,0,0,0,0
2804,r359,All institutions -> Ohio -> U. Toledo,All institutions,Ohio,U. Toledo,3,118,22,0,19,0,3,0,2,0,2,0,0,3,3,0,0,0
2804,r360,"All institutions -> Ohio -> Wright State U., Dayton",All institutions,Ohio,"Wright State U., Dayton",3,37,0,0,0,0,0,0,0,0,0,0,0,0,0,0,0,0
2804,r361,All institutions -> Oklahoma,All institutions,Oklahoma,,2,482,70,15,24,3,22,6,28,1,4,11,12,40,27,9,4,0
2804,r362,All institutions -> Oklahoma -> Oklahoma City U.,All institutions,Oklahoma,Oklahoma City U.,3,4,3,0,0,0,3,0,0,0,0,0,0,0,0,0,0,0
2804,r363,"All institutions -> Oklahoma -> Oklahoma State U., Center for Health Sciences",All institutions,Oklahoma,"Oklahoma State U., Center for Health Sciences",3,4,0,0,0,0,0,0,0,0,0,0,0,0,0,0,0,0
2804,r364,"All institutions -> Oklahoma -> Oklahoma State U., Stillwater",All institutions,Oklahoma,"Oklahoma State U., Stillwater",3,231,44,11,16,0,12,5,10,0,2,7,1,22,19,0,3,0
2804,r365,"All institutions -> Oklahoma -> U. Oklahoma, Norman",All institutions,Oklahoma,"U. Oklahoma, Norman",3,199,23,4,8,3,7,1,16,1,2,2,11,18,8,9,1,0
2804,r366,All institutions -> Oklahoma -> U. Tulsa,All institutions,Oklahoma,U. Tulsa,3,44,0,0,0,0,0,0,2,0,0,2,0,0,0,0,0,0
2804,r367,All institutions -> Oregon,All institutions,Oregon,,2,572,31,3,18,0,6,4,30,5,4,9,12,24,11,5,8,0
2804,r368,All institutions -> Oregon -> Oregon Health and Science U.,All institutions,Oregon,Oregon Health and Science U.,3,38,0,0,0,0,0,0,0,0,0,0,0,0,0,0,0,0
2804,r369,"All institutions -> Oregon -> Oregon State U., Corvallis",All institutions,Oregon,"Oregon State U., Corvallis",3,287,11,1,3,0,6,1,1,0,1,0,0,5,5,0,0,0
2804,r370,All institutions -> Oregon -> Portland State U.,All institutions,Oregon,Portland State U.,3,71,0,0,0,0,0,0,0,0,0,0,0,7,1,0,6,0
2804,r371,All institutions -> Oregon -> U. Oregon,All institutions,Oregon,U. Oregon,3,176,20,2,15,0,0,3,29,5,3,9,12,12,5,5,2,0
2804,r372,All institutions -> Pennsylvania,All institutions,Pennsylvania,,2,2600,201,29,111,4,36,21,270,21,43,88,118,183,100,47,36,0
2804,r373,All institutions -> Pennsylvania -> Bryn Mawr C.,All institutions,Pennsylvania,Bryn Mawr C.,3,8,0,0,0,0,0,0,1,0,0,0,1,2,0,0,2,0
2804,r374,All institutions -> Pennsylvania -> Carnegie Mellon U.,All institutions,Pennsylvania,Carnegie Mellon U.,3,342,3,0,1,0,2,0,12,0,5,2,5,21,19,0,2,0
2804,r375,All institutions -> Pennsylvania -> Drexel U.,All institutions,Pennsylvania,Drexel U.,3,149,8,3,1,0,1,3,1,0,0,0,1,16,11,5,0,0
2804,r376,All institutions -> Pennsylvania -> Duquesne U.,All institutions,Pennsylvania,Duquesne U.,3,84,11,0,11,0,0,0,24,0,0,16,8,2,0,2,0,0
2804,r377,All institutions -> Pennsylvania -> Indiana U. Pennsylvania,All institutions,Pennsylvania,Indiana U. Pennsylvania,3,68,9,1,1,0,7,0,32,0,0,31,1,9,2,6,1,0
2804,r378,All institutions -> Pennsylvania -> Lehigh U.,All institutions,Pennsylvania,Lehigh U.,3,106,9,0,8,0,0,1,6,0,1,5,0,3,3,0,0,0
2804,r379,"All institutions -> Pennsylvania -> Lutheran Theological Seminary, Philadelphia",All institutions,Pennsylvania,"Lutheran Theological Seminary, Philadelphia",3,1,0,0,0,0,0,0,1,0,0,0,1,0,0,0,0,0
2804,r380,All institutions -> Pennsylvania -> Marywood U.,All institutions,Pennsylvania,Marywood U.,3,11,7,4,2,0,0,1,0,0,0,0,0,1,1,0,0,0
2804,r381,"All institutions -> Pennsylvania -> Pennsylvania State U., University Park and Hershey Medical Center",All institutions,Pennsylvania,"Pennsylvania State U., University Park and Hershey Medical Center",3,659,82,7,51,4,11,9,32,3,6,11,12,32,18,7,7,0
2804,r382,All institutions -> Pennsylvania -> Salus U.,All institutions,Pennsylvania,Salus U.,3,3,0,0,0,0,0,0,0,0,0,0,0,0,0,0,0,0
2804,r383,All institutions -> Pennsylvania -> Temple U.,All institutions,Pennsylvania,Temple U.,3,253,33,11,13,0,7,2,43,7,11,3,22,20,13,7,0,0
2804,r384,All institutions -> Pennsylvania -> Thomas Jefferson U.,All institutions,Pennsylvania,Thomas Jefferson U.,3,29,0,0,0,0,0,0,0,0,0,0,0,0,0,0,0,0
2804,r385,All institutions -> Pennsylvania -> U. Pennsylvania,All institutions,Pennsylvania,U. Pennsylvania,3,450,8,0,5,0,0,3,70,6,14,14,36,54,25,17,12,0
2804,r386,"All institutions -> Pennsylvania -> U. Pittsburgh, Pittsburgh",All institutions,Pennsylvania,"U. Pittsburgh, Pittsburgh",3,375,28,3,18,0,5,2,42,5,6,6,25,18,8,3,7,0
2804,r387,All institutions -> Pennsylvania -> U. of the Sciences Philadelphia,All institutions,Pennsylvania,U. of the Sciences Philadelphia,3,17,0,0,0,0,0,0,0,0,0,0,0,0,0,0,0,0
2804,r388,All institutions -> Pennsylvania -> Villanova U.,All institutions,Pennsylvania,Villanova U.,3,19,1,0,0,0,1,0,4,0,0,0,4,0,0,0,0,0
2804,r389,All institutions -> Pennsylvania -> Westminster Theological Seminary,All institutions,Pennsylvania,Westminster Theological Seminary,3,2,0,0,0,0,0,0,2,0,0,0,2,0,0,0,0,0
2804,r390,"All institutions -> Pennsylvania -> Widener U., Chester",All institutions,Pennsylvania,"Widener U., Chester",3,24,2,0,0,0,2,0,0,0,0,0,0,5,0,0,5,0
2804,r391,All institutions -> Puerto Rico,All institutions,Puerto Rico,,2,133,1,0,1,0,0,0,13,2,7,3,1,6,4,0,2,0
2804,r392,"All institutions -> Puerto Rico -> Carlos Albizu U., San Juan",All institutions,Puerto Rico,"Carlos Albizu U., San Juan",3,23,1,0,1,0,0,0,0,0,0,0,0,0,0,0,0,0
2804,r393,"All institutions -> Puerto Rico -> Inter American U. Puerto Rico, San Juan",All institutions,Puerto Rico,"Inter American U. Puerto Rico, San Juan",3,18,0,0,0,0,0,0,7,0,6,0,1,4,4,0,0,0
2804,r394,All institutions -> Puerto Rico -> Ponce Heath Sciences U.,All institutions,Puerto Rico,Ponce Heath Sciences U.,3,5,0,0,0,0,0,0,0,0,0,0,0,0,0,0,0,0
2804,r395,"All institutions -> Puerto Rico -> Pontifical Catholic U. Puerto Rico, Ponce",All institutions,Puerto Rico,"Pontifical Catholic U. Puerto Rico, Ponce",3,15,0,0,0,0,0,0,0,0,0,0,0,0,0,0,0,0
2804,r396,All institutions -> Puerto Rico -> U. Central del Caribe,All institutions,Puerto Rico,U. Central del Caribe,3,1,0,0,0,0,0,0,0,0,0,0,0,0,0,0,0,0
2804,r397,All institutions -> Puerto Rico -> U. del Turabo,All institutions,Puerto Rico,U. del Turabo,3,5,0,0,0,0,0,0,0,0,0,0,0,0,0,0,0,0
2804,r398,"All institutions -> Puerto Rico -> U. Puerto Rico, Mayaguez",All institutions,Puerto Rico,"U. Puerto Rico, Mayaguez",3,20,0,0,0,0,0,0,0,0,0,0,0,0,0,0,0,0
2804,r399,"All institutions -> Puerto Rico -> U. Puerto Rico, Medical Sciences Campus",All institutions,Puerto Rico,"U. Puerto Rico, Medical Sciences Campus",3,18,0,0,0,0,0,0,0,0,0,0,0,0,0,0,0,0
2804,r400,"All institutions -> Puerto Rico -> U. Puerto Rico, Rio Piedras",All institutions,Puerto Rico,"U. Puerto Rico, Rio Piedras",3,28,0,0,0,0,0,0,6,2,1,3,0,2,0,0,2,0
2804,r401,All institutions -> Rhode Island,All institutions,Rhode Island,,2,338,10,1,3,0,3,3,62,8,8,17,29,4,3,0,1,0
2804,r402,All institutions -> Rhode Island -> Brown U.,All institutions,Rhode Island,Brown U.,3,225,0,0,0,0,0,0,49,8,8,11,22,1,0,0,1,0
2804,r403,All institutions -> Rhode Island -> Salve Regina U.,All institutions,Rhode Island,Salve Regina U.,3,10,0,0,0,0,0,0,7,0,0,0,7,0,0,0,0,0
2804,r404,All institutions -> Rhode Island -> U. Rhode Island,All institutions,Rhode Island,U. Rhode Island,3,103,10,1,3,0,3,3,6,0,0,6,0,3,3,0,0,0
2804,r405,All institutions -> South Carolina,All institutions,South Carolina,,2,547,46,21,15,3,6,1,36,1,5,20,10,38,16,4,18,0
2804,r406,All institutions -> South Carolina -> Clemson U.,All institutions,South Carolina,Clemson U.,3,243,30,19,7,0,3,1,6,0,0,6,0,21,6,1,14,0
2804,r407,All institutions -> South Carolina -> Medical U. South Carolina,All institutions,South Carolina,Medical U. South Carolina,3,39,0,0,0,0,0,0,0,0,0,0,0,0,0,0,0,0
2804,r408,"All institutions -> South Carolina -> U. South Carolina, Columbia",All institutions,South Carolina,"U. South Carolina, Columbia",3,265,16,2,8,3,3,0,30,1,5,14,10,17,10,3,4,0
2804,r409,All institutions -> South Dakota,All institutions,South Dakota,,2,102,5,0,5,0,0,0,1,0,0,1,0,0,0,0,0,0
2804,r410,All institutions -> South Dakota -> Dakota State U.,All institutions,South Dakota,Dakota State U.,3,11,0,0,0,0,0,0,0,0,0,0,0,0,0,0,0,0
2804,r411,All institutions -> South Dakota -> South Dakota School of Mines and Technology,All institutions,South Dakota,South Dakota School of Mines and Technology,3,15,0,0,0,0,0,0,0,0,0,0,0,0,0,0,0,0
2804,r412,All institutions -> South Dakota -> South Dakota State U.,All institutions,South Dakota,South Dakota State U.,3,46,0,0,0,0,0,0,0,0,0,0,0,0,0,0,0,0
2804,r413,All institutions -> South Dakota -> U. South Dakota,All institutions,South Dakota,U. South Dakota,3,30,5,0,5,0,0,0,1,0,0,1,0,0,0,0,0,0
2804,r414,All institutions -> Tennessee,All institutions,Tennessee,,2,949,115,16,61,7,25,6,87,7,26,24,30,29,11,5,13,0
2804,r415,All institutions -> Tennessee -> East Tennessee State U.,All institutions,Tennessee,East Tennessee State U.,3,26,5,0,0,3,1,1,0,0,0,0,0,0,0,0,0,0
2804,r416,All institutions -> Tennessee -> Meharry Medical C.,All institutions,Tennessee,Meharry Medical C.,3,7,0,0,0,0,0,0,0,0,0,0,0,0,0,0,0,0
2804,r417,All institutions -> Tennessee -> Mid-America Baptist Theological Seminary,All institutions,Tennessee,Mid-America Baptist Theological Seminary,3,6,0,0,0,0,0,0,6,1,0,0,5,0,0,0,0,0
2804,r418,All institutions -> Tennessee -> Middle Tennessee State U.,All institutions,Tennessee,Middle Tennessee State U.,3,40,12,0,0,0,12,0,8,0,4,4,0,2,0,0,2,0
2804,r419,All institutions -> Tennessee -> Tennessee State U.,All institutions,Tennessee,Tennessee State U.,3,32,1,0,1,0,0,0,0,0,0,0,0,2,0,0,2,0
2804,r420,All institutions -> Tennessee -> Tennessee Technological U.,All institutions,Tennessee,Tennessee Technological U.,3,25,5,0,2,0,2,1,0,0,0,0,0,0,0,0,0,0
2804,r421,All institutions -> Tennessee -> U. Memphis,All institutions,Tennessee,U. Memphis,3,138,37,9,20,2,4,2,23,0,7,5,11,4,2,2,0,0
2804,r422,"All institutions -> Tennessee -> U. Tennessee, Chattanooga",All institutions,Tennessee,"U. Tennessee, Chattanooga",3,2,2,1,0,0,0,1,0,0,0,0,0,0,0,0,0,0
2804,r423,"All institutions -> Tennessee -> U. Tennessee, Health Science Center",All institutions,Tennessee,"U. Tennessee, Health Science Center",3,23,0,0,0,0,0,0,0,0,0,0,0,0,0,0,0,0
2804,r424,"All institutions -> Tennessee -> U. Tennessee, Knoxville",All institutions,Tennessee,"U. Tennessee, Knoxville",3,359,31,5,19,2,4,1,20,1,4,9,6,19,8,3,8,0
2804,r425,All institutions -> Tennessee -> Vanderbilt U.,All institutions,Tennessee,Vanderbilt U.,3,291,22,1,19,0,2,0,30,5,11,6,8,2,1,0,1,0
2804,r426,All institutions -> Texas,All institutions,Texas,,2,4166,405,84,209,11,80,21,332,28,60,113,131,295,189,52,54,0
2804,r427,All institutions -> Texas -> Baylor C. of Medicine,All institutions,Texas,Baylor C. of Medicine,3,112,0,0,0,0,0,0,0,0,0,0,0,0,0,0,0,0
2804,r428,All institutions -> Texas -> Baylor U.,All institutions,Texas,Baylor U.,3,92,7,1,5,0,1,0,25,0,4,11,10,2,0,0,2,0
2804,r429,All institutions -> Texas -> Brite Divinity S.,All institutions,Texas,Brite Divinity S.,3,4,0,0,0,0,0,0,4,0,0,0,4,0,0,0,0,0
2804,r430,All institutions -> Texas -> Dallas Theological Seminary,All institutions,Texas,Dallas Theological Seminary,3,10,0,0,0,0,0,0,10,0,0,0,10,0,0,0,0,0
2804,r431,All institutions -> Texas -> Lamar U.,All institutions,Texas,Lamar U.,3,13,0,0,0,0,0,0,0,0,0,0,0,0,0,0,0,0
2804,r432,All institutions -> Texas -> Prairie View A&M U.,All institutions,Texas,Prairie View A&M U.,3,6,1,1,0,0,0,0,0,0,0,0,0,0,0,0,0,0
2804,r433,All institutions -> Texas -> Rice U.,All institutions,Texas,Rice U.,3,221,0,0,0,0,0,0,20,0,7,3,10,11,11,0,0,0
2804,r434,All institutions -> Texas -> Sam Houston State U.,All institutions,Texas,Sam Houston State U.,3,20,5,0,5,0,0,0,0,0,0,0,0,0,0,0,0,0
2804,r435,All institutions -> Texas -> Southern Methodist U.,All institutions,Texas,Southern Methodist U.,3,59,3,0,2,0,1,0,9,0,1,3,5,3,0,0,3,0
2804,r436,All institutions -> Texas -> Southwestern Baptist Theological Seminary,All institutions,Texas,Southwestern Baptist Theological Seminary,3,16,0,0,0,0,0,0,15,0,0,0,15,0,0,0,0,0
2804,r437,"All institutions -> Texas -> St. Mary's U., San Antonio",All institutions,Texas,"St. Mary's U., San Antonio",3,6,3,0,3,0,0,0,0,0,0,0,0,0,0,0,0,0
2804,r438,All institutions -> Texas -> Stephen F. Austin State U.,All institutions,Texas,Stephen F. Austin State U.,3,1,0,0,0,0,0,0,0,0,0,0,0,0,0,0,0,0
2804,r439,All institutions -> Texas -> Texas A&M International U.,All institutions,Texas,Texas A&M International U.,3,10,0,0,0,0,0,0,0,0,0,0,0,10,10,0,0,0
2804,r440,"All institutions -> Texas -> Texas A&M U., College Station and Health Science Center",All institutions,Texas,"Texas A&M U., College Station and Health Science Center",3,744,51,13,24,0,13,1,21,2,5,8,6,44,18,10,16,0
2804,r441,All institutions -> Texas -> Texas A&M U.-Commerce,All institutions,Texas,Texas A&M U.-Commerce,3,21,4,0,4,0,0,0,5,0,0,5,0,0,0,0,0,0
2804,r442,All institutions -> Texas -> Texas A&M U.-Corpus Christi,All institutions,Texas,Texas A&M U.-Corpus Christi,3,16,11,0,11,0,0,0,0,0,0,0,0,0,0,0,0,0
2804,r443,All institutions -> Texas -> Texas A&M U.-Kingsville,All institutions,Texas,Texas A&M U.-Kingsville,3,4,0,0,0,0,0,0,0,0,0,0,0,0,0,0,0,0
2804,r444,All institutions -> Texas -> Texas Christian U.,All institutions,Texas,Texas Christian U.,3,30,5,1,2,0,2,0,9,0,3,6,0,0,0,0,0,0
2804,r445,All institutions -> Texas -> Texas Southern U.,All institutions,Texas,Texas Southern U.,3,22,9,3,6,0,0,0,0,0,0,0,0,1,0,0,1,0
2804,r446,All institutions -> Texas -> Texas State U.,All institutions,Texas,Texas State U.,3,53,31,8,6,3,4,10,0,0,0,0,0,0,0,0,0,0
2804,r447,All institutions -> Texas -> Texas Tech U.,All institutions,Texas,Texas Tech U.,3,317,64,13,28,1,22,0,24,4,2,13,5,38,19,18,1,0
2804,r448,"All institutions -> Texas -> Texas Tech U., Health Sciences Center",All institutions,Texas,"Texas Tech U., Health Sciences Center",3,19,0,0,0,0,0,0,0,0,0,0,0,0,0,0,0,0
2804,r449,All institutions -> Texas -> Texas Woman's U.,All institutions,Texas,Texas Woman's U.,3,71,15,0,4,3,8,0,4,0,0,2,2,0,0,0,0,0
2804,r450,All institutions -> Texas -> U. Dallas,All institutions,Texas,U. Dallas,3,8,0,0,0,0,0,0,4,1,0,1,2,0,0,0,0,0
2804,r451,All institutions -> Texas -> U. Houston,All institutions,Texas,U. Houston,3,300,13,1,11,0,1,0,17,2,5,10,0,26,20,0,6,0
2804,r452,"All institutions -> Texas -> U. North Texas, Denton",All institutions,Texas,"U. North Texas, Denton",3,232,54,5,41,0,8,0,25,1,3,10,11,21,20,0,1,0
2804,r453,"All institutions -> Texas -> U. North Texas, Health Science Center",All institutions,Texas,"U. North Texas, Health Science Center",3,18,0,0,0,0,0,0,0,0,0,0,0,0,0,0,0,0
2804,r454,All institutions -> Texas -> U. of the Incarnate Word,All institutions,Texas,U. of the Incarnate Word,3,16,14,5,5,0,2,2,0,0,0,0,0,2,2,0,0,0
2804,r455,"All institutions -> Texas -> U. Texas Health Science Center, Houston",All institutions,Texas,"U. Texas Health Science Center, Houston",3,119,0,0,0,0,0,0,0,0,0,0,0,1,1,0,0,0
2804,r456,"All institutions -> Texas -> U. Texas Health Science Center, San Antonio",All institutions,Texas,"U. Texas Health Science Center, San Antonio",3,32,0,0,0,0,0,0,0,0,0,0,0,0,0,0,0,0
2804,r457,All institutions -> Texas -> U. Texas Medical Branch,All institutions,Texas,U. Texas Medical Branch,3,37,0,0,0,0,0,0,4,0,0,0,4,0,0,0,0,0
2804,r458,All institutions -> Texas -> U. Texas Rio Grande Valley,All institutions,Texas,U. Texas Rio Grande Valley,3,17,0,0,0,0,0,0,0,0,0,0,0,8,8,0,0,0
2804,r459,All institutions -> Texas -> U. Texas Southwestern Medical Center,All institutions,Texas,U. Texas Southwestern Medical Center,3,88,0,0,0,0,0,0,0,0,0,0,0,0,0,0,0,0
2804,r460,"All institutions -> Texas -> U. Texas, Arlington",All institutions,Texas,"U. Texas, Arlington",3,200,17,9,2,0,3,3,9,0,5,4,0,23,14,0,9,0
2804,r461,"All institutions -> Texas -> U. Texas, Austin",All institutions,Texas,"U. Texas, Austin",3,801,59,7,39,1,9,3,104,17,21,28,38,54,22,22,10,0
2804,r462,"All institutions -> Texas -> U. Texas, Dallas",All institutions,Texas,"U. Texas, Dallas",3,227,1,0,0,0,0,1,14,1,3,2,8,33,26,2,5,0
2804,r463,"All institutions -> Texas -> U. Texas, El Paso",All institutions,Texas,"U. Texas, El Paso",3,78,6,0,0,0,5,1,6,0,1,4,1,5,5,0,0,0
2804,r464,"All institutions -> Texas -> U. Texas, San Antonio",All institutions,Texas,"U. Texas, San Antonio",3,125,32,17,11,3,1,0,3,0,0,3,0,13,13,0,0,0
2804,r465,All institutions -> Texas -> West Texas A&M U.,All institutions,Texas,West Texas A&M U.,3,1,0,0,0,0,0,0,0,0,0,0,0,0,0,0,0,0
2804,r466,All institutions -> Utah,All institutions,Utah,,2,549,53,8,23,0,13,9,15,0,2,10,3,29,11,10,8,0
2804,r467,"All institutions -> Utah -> Brigham Young U., Provo",All institutions,Utah,"Brigham Young U., Provo",3,92,12,5,7,0,0,0,0,0,0,0,0,0,0,0,0,0
2804,r468,All institutions -> Utah -> U. Utah,All institutions,Utah,U. Utah,3,361,22,2,10,0,8,2,15,0,2,10,3,26,11,7,8,0
2804,r469,"All institutions -> Utah -> Utah State U., Logan",All institutions,Utah,"Utah State U., Logan",3,96,19,1,6,0,5,7,0,0,0,0,0,3,0,3,0,0
2804,r470,All institutions -> Vermont,All institutions,Vermont,,2,80,4,2,1,0,1,0,5,5,0,0,0,0,0,0,0,0
2804,r471,All institutions -> Vermont -> Middlebury C.,All institutions,Vermont,Middlebury C.,3,6,1,0,0,0,1,0,5,5,0,0,0,0,0,0,0,0
2804,r472,All institutions -> Vermont -> U. Vermont,All institutions,Vermont,U. Vermont,3,74,3,2,1,0,0,0,0,0,0,0,0,0,0,0,0,0
2804,r473,All institutions -> Virginia,All institutions,Virginia,,2,1433,203,27,112,6,29,29,93,4,27,29,33,108,53,18,37,0
2804,r474,All institutions -> Virginia -> C. of William and Mary,All institutions,Virginia,C. of William and Mary,3,66,13,3,9,0,0,1,6,0,4,1,1,0,0,0,0,0
2804,r475,All institutions -> Virginia -> Eastern Virginia Medical School,All institutions,Virginia,Eastern Virginia Medical School,3,4,0,0,0,0,0,0,0,0,0,0,0,0,0,0,0,0
2804,r476,All institutions -> Virginia -> George Mason U.,All institutions,Virginia,George Mason U.,3,259,53,6,33,4,4,6,16,0,9,6,1,7,0,7,0,0
2804,r477,All institutions -> Virginia -> Hampton U.,All institutions,Virginia,Hampton U.,3,14,5,2,2,0,1,0,0,0,0,0,0,2,2,0,0,0
2804,r478,All institutions -> Virginia -> James Madison U.,All institutions,Virginia,James Madison U.,3,13,5,3,2,0,0,0,0,0,0,0,0,1,1,0,0,0
2804,r479,All institutions -> Virginia -> Norfolk State U.,All institutions,Virginia,Norfolk State U.,3,8,0,0,0,0,0,0,0,0,0,0,0,2,0,0,2,0
2804,r480,All institutions -> Virginia -> Old Dominion U.,All institutions,Virginia,Old Dominion U.,3,119,35,8,15,1,1,10,4,0,0,4,0,10,7,0,3,0
2804,r481,All institutions -> Virginia -> Regent U.,All institutions,Virginia,Regent U.,3,58,8,0,8,0,0,0,7,0,1,0,6,38,27,11,0,0
2804,r482,All institutions -> Virginia -> Union Presbyterian Seminary,All institutions,Virginia,Union Presbyterian Seminary,3,1,0,0,0,0,0,0,1,0,0,0,1,0,0,0,0,0
2804,r483,"All institutions -> Virginia -> U. Virginia, Charlottesville",All institutions,Virginia,"U. Virginia, Charlottesville",3,308,24,1,17,0,3,3,52,4,13,13,22,12,5,0,7,0
2804,r484,All institutions -> Virginia -> Virginia Commonwealth U.,All institutions,Virginia,Virginia Commonwealth U.,3,178,24,4,10,0,6,4,4,0,0,2,2,14,5,0,9,0
2804,r485,All institutions -> Virginia -> Virginia Polytechnic Institute and State U.,All institutions,Virginia,Virginia Polytechnic Institute and State U.,3,405,36,0,16,1,14,5,3,0,0,3,0,22,6,0,16,0
2804,r486,All institutions -> Washington,All institutions,Washington,,2,1001,70,5,43,2,15,5,51,9,8,22,12,59,29,12,18,0
2804,r487,All institutions -> Washington -> Gonzaga U.,All institutions,Washington,Gonzaga U.,3,13,1,1,0,0,0,0,1,0,0,0,1,7,7,0,0,0
2804,r488,All institutions -> Washington -> Seattle Pacific U.,All institutions,Washington,Seattle Pacific U.,3,21,10,3,3,1,2,1,0,0,0,0,0,0,0,0,0,0
2804,r489,"All institutions -> Washington -> U. Washington, Seattle",All institutions,Washington,"U. Washington, Seattle",3,708,40,1,30,1,5,3,47,9,6,21,11,35,12,6,17,0
2804,r490,All institutions -> Washington -> Washington State U.,All institutions,Washington,Washington State U.,3,259,19,0,10,0,8,1,3,0,2,1,0,17,10,6,1,0
2804,r491,All institutions -> West Virginia,All institutions,West Virginia,,2,225,31,10,16,0,5,0,22,0,6,3,13,13,6,4,3,0
2804,r492,All institutions -> West Virginia -> Marshall U.,All institutions,West Virginia,Marshall U.,3,24,17,9,8,0,0,0,1,0,1,0,0,1,1,0,0,0
2804,r493,All institutions -> West Virginia -> West Virginia U.,All institutions,West Virginia,West Virginia U.,3,201,14,1,8,0,5,0,21,0,5,3,13,12,5,4,3,0
2804,r494,All institutions -> Wisconsin,All institutions,Wisconsin,,2,1067,95,26,50,1,13,5,117,32,17,33,35,41,16,10,15,0
2804,r495,All institutions -> Wisconsin -> Cardinal Stritch U.,All institutions,Wisconsin,Cardinal Stritch U.,3,21,17,11,1,0,1,4,0,0,0,0,0,2,1,0,1,0
2804,r496,All institutions -> Wisconsin -> Marquette U.,All institutions,Wisconsin,Marquette U.,3,70,1,0,0,0,1,0,16,0,1,6,9,0,0,0,0,0
2804,r497,All institutions -> Wisconsin -> Medical C. Wisconsin,All institutions,Wisconsin,Medical C. Wisconsin,3,32,0,0,0,0,0,0,0,0,0,0,0,0,0,0,0,0
2804,r498,All institutions -> Wisconsin -> U. Wisconsin-Madison,All institutions,Wisconsin,U. Wisconsin-Madison,3,780,56,7,39,1,8,1,85,32,14,18,21,23,8,7,8,0
2804,r499,All institutions -> Wisconsin -> U. Wisconsin-Milwaukee,All institutions,Wisconsin,U. Wisconsin-Milwaukee,3,164,21,8,10,0,3,0,16,0,2,9,5,16,7,3,6,0
2804,r500,All institutions -> Wyoming,All institutions,Wyoming,,2,78,8,1,6,0,1,0,0,0,0,0,0,0,0,0,0,0
2804,r501,All institutions -> Wyoming -> U. Wyoming,All institutions,Wyoming,U. Wyoming,3,78,8,1,6,0,1,0,0,0,0,0,0,0,0,0,0,0
